condition 1 time (s),condition 1 tbr,condition 1 nai,condition 2 time (s),condition 2 tbr,condition 2 nai
4.0,33.50211021410845,0.0,4.0,30.402053172045594,0.0
5.0,25.65866879734324,0.0,5.0,20.619724249451046,0.0
6.0,14.401245902975568,0.0,6.0,10.755933842180184,0.0
7.0,11.99943120917832,0.0,7.0,9.007111405395154,0.0
8.0,9.88473880755634,0.0,8.0,7.891236024961724,0.0
9.0,6.6971965654411445,0.0,9.0,5.760423527757428,0.0
10.0,4.373870734504127,0.0,10.0,3.9396817473521164,0.0
11.0,3.1113891006656287,0.0,11.0,2.8726394658762002,0.004002134471718225
12.0,2.8140146885754036,0.0,12.0,2.0592086486844408,0.2203842049092849
13.0,2.6623670951356857,0.0011205976520811001,13.0,1.3984504074807071,0.7326396300249022
14.0,2.697774778562286,0.0,14.0,1.3681094251872028,0.7656083244397013
15.0,2.5176973957197832,0.031216648879402276,15.0,1.732312967184109,0.4041266453219494
16.0,2.2440693371640283,0.12315457132692985,16.0,1.7599919467764584,0.38202596940590533
17.0,1.8674552716732606,0.31852543578797576,17.0,1.6345076451698661,0.48350231234436136
18.0,1.4880265603777458,0.6114372109569548,18.0,1.2992920643408525,0.8420713269299183
19.0,1.5391605697056823,0.5625667022411953,19.0,1.0446232767534147,1.0
20.0,1.840023759704991,0.3331554606901458,20.0,1.031490899207389,1.0
21.0,2.0734021336592012,0.2089558875844895,21.0,1.1303990580019179,0.9955976520811098
22.0,1.8461048846148354,0.3231945926716471,22.0,1.3817838598770713,0.7513118107435076
23.0,1.8064654492814889,0.3440501600853788,23.0,1.8284371545662228,0.3403148345784418
24.0,1.6495400539346945,0.47229633582355024,24.0,2.007961175558207,0.23977232301672
25.0,1.5078783507475597,0.5871575951618642,25.0,1.945350888402634,0.26249555318392026
26.0,1.3802523081435538,0.7448639274279616,26.0,1.8057581852800668,0.3449839914621131
27.0,1.1650404243497063,0.9917956243329776,27.0,1.697833908324693,0.4318303094983991
28.0,1.237126159131356,0.9311632870864461,28.0,1.4509816894359175,0.6578175026680897
29.0,1.2375014810852538,0.9297625400213447,29.0,1.2920559202805593,0.8723986125933831
30.0,1.2723572466506796,0.8874288509427251,30.0,1.599753686665899,0.5211668445393098
31.0,1.445823445343771,0.6522145144076842,31.0,1.7768505984591412,0.36957488438278185
32.0,1.473725334663721,0.6198416933475631,32.0,1.3578978847902576,0.777725898256848
33.0,1.5519036833740234,0.5494930629669157,33.0,1.0010726078314733,1.0
34.0,1.8727804666601355,0.3203930985414443,34.0,0.8615607153362514,1.0
35.0,2.2667267220305436,0.1094583778014941,35.0,1.1109327735956454,0.977187833511206
36.0,1.8813511490915455,0.3138562789043045,36.0,1.4040161030651994,0.7063767342582712
37.0,1.5914701985203976,0.5173070081821416,37.0,1.421275092470668,0.6861437210956955
38.0,1.409980255731041,0.7054429028815369,38.0,1.4002326603343533,0.7100498043400925
39.0,1.2031565445666734,0.9589781216648878,39.0,1.23641204712642,0.9293623265741728
40.0,1.0705790242820692,1.0,40.0,1.078865434673231,1.0
41.0,1.0674495768702124,1.0,41.0,1.0047301003970976,1.0
42.0,1.312715814755097,0.8279526858769121,42.0,0.8815573042571682,1.0
43.0,1.4651633314597052,0.6298025613660618,43.0,0.8557635399658041,1.0
44.0,1.3761890217615955,0.7427961579509071,44.0,0.8167999349636164,1.0
45.0,1.2574688994245584,0.9070393098541445,45.0,0.8334437460478485,1.0
46.0,1.0190487544326468,1.0,46.0,1.2631958552892195,0.8557230522945571
47.0,0.9388176726412775,1.0,47.0,1.663313013773617,0.45797758804695843
48.0,1.165037194176804,0.9697838847385272,48.0,1.9504822073876817,0.2596940590537175
49.0,1.34943838955104,0.7850631447883316,49.0,1.644311374806041,0.47789932408395586
50.0,1.376744467025656,0.7368818925649236,50.0,1.3371981851345418,0.8088536108146567
51.0,1.4878917983330808,0.6123710423336891,51.0,1.334129931830525,0.8100097829953753
52.0,1.5888171777631293,0.5174315190323728,52.0,1.4133886971463956,0.6942369263607258
53.0,1.4857822210748102,0.6077018854500178,53.0,1.4040546851845546,0.7045090715048027
54.0,1.70413517627679,0.4284062611170402,54.0,1.3812999490640259,0.7343916755602988
55.0,1.7931299417589615,0.35494485948061183,55.0,1.509908730205045,0.5834222696549272
56.0,1.6272513771205865,0.48910530060476687,56.0,1.4702912558405625,0.6270010672358591
57.0,1.43729451435239,0.6637317680540733,57.0,1.3641635924801951,0.7614727854855924
58.0,1.341904681365727,0.7951351832088225,58.0,1.2141079538297457,0.9463713980789754
59.0,1.1367959431298955,0.9869930629669157,59.0,1.0243684473470254,1.0
60.0,0.9936822726722883,1.0,60.0,0.9814299024400215,1.0
61.0,1.0437661062011343,1.0,61.0,0.9541689573512668,1.0
62.0,1.316750196224488,0.827285663464959,62.0,0.9286494805929415,1.0
63.0,1.2030235260137778,0.9507737459978656,63.0,1.264879100951493,0.8825151191746708
64.0,1.032953828639522,1.0,64.0,1.4277321701590084,0.6724475275702597
65.0,0.9963591450425398,1.0,65.0,1.4233368848790986,0.6802294557097119
66.0,0.9112443056608599,1.0,66.0,1.2082000419990493,0.9483724653148345
67.0,0.9359687428753458,1.0,67.0,1.1053661238581851,1.0
68.0,0.9679778633495576,1.0,68.0,1.4871742453039338,0.6428984347207398
69.0,1.067710508832625,1.0,69.0,1.9287581769706903,0.2733902525791533
70.0,1.1134114749218988,1.0,70.0,2.100693781387243,0.1943258626823194
71.0,1.1438747948929644,1.0,71.0,2.1008207103959995,0.19074617573817143
72.0,1.1815380698537927,0.9869930629669156,72.0,1.596211622323163,0.5270811099252936
73.0,1.0647023126621418,1.0,73.0,1.1538478007720363,0.97258537886873
74.0,0.9394835733404657,1.0,74.0,1.2163536060303932,0.9018143009605123
75.0,1.334114317802696,0.7879980434009249,75.0,1.6931125444118085,0.43556563500533624
76.0,1.5707052081559705,0.532995375311277,76.0,1.4814051458664688,0.6482346140163643
77.0,1.2990463853372494,0.8495197438633938,77.0,1.0401716893936241,1.0
78.0,1.166951395009872,0.9967982924226254,78.0,1.0328043917842051,1.0
79.0,1.2306159487190569,0.9361659551760939,79.0,1.1606385538310489,0.9901947705442903
80.0,1.3630249984108551,0.7617840626111705,80.0,1.4625261302420929,0.6656438989683386
81.0,1.4027196168978737,0.7045090715048026,81.0,1.9583334190252963,0.26249555318392026
82.0,1.3835444756460236,0.7269210245464248,82.0,1.9264328683639642,0.2746353610814657
83.0,1.4701030540002258,0.6347829953753114,83.0,1.7762914330508468,0.37050871575951616
84.0,1.8292184733838797,0.3331554606901458,84.0,1.8370185802601375,0.3259960868018499
85.0,1.9095033948903426,0.2761917467093561,85.0,2.1182397636825643,0.1831198861615083
86.0,2.067374930085888,0.20852009960868015,86.0,2.1217779463721147,0.1824973319103521
87.0,1.9470549697744535,0.2677872643187478,87.0,2.0743315898107917,0.20926716471006754
88.0,1.6244277617933192,0.4909729633582355,88.0,2.001854648733354,0.24101743151903232
89.0,1.3810890059269645,0.7419734969761651,89.0,1.7763053003680866,0.3720651013874066
90.0,1.3324279245821422,0.8112104233368908,90.0,1.5431877873288156,0.5569637139807897
91.0,1.2688511271948943,0.8899190679473497,91.0,1.423322493348643,0.6927917111348275
92.0,1.082044901205191,1.0,92.0,1.1732764852703967,0.9823906083244396
93.0,1.095888963150172,1.0,93.0,1.3424661430006608,0.7924448594806118
94.0,1.2884310645418264,0.8637050871575951,94.0,1.7464494813654396,0.395410885805763
95.0,1.3939160060706266,0.7138473852721452,95.0,1.8798684823371745,0.3001600853788687
96.0,1.499623107860727,0.5992974030594095,96.0,1.4724514290042614,0.6484791889007471
97.0,1.5950198269692406,0.5121398078975453,97.0,1.4829142273395788,0.646989505514052
98.0,1.6749154038314744,0.45361970828886516,98.0,2.2187463648040193,0.13978566346495905
99.0,1.7361172533511509,0.4007025969405905,99.0,2.4215470602650364,0.05843116328708638
100.0,1.7031525947424528,0.4299626467449306,100.0,2.00867703307308,0.23341337602276768
101.0,1.5367147065410647,0.5656794734969762,101.0,1.8167574545840397,0.3359569548203486
102.0,1.246981851783598,0.8988794023479187,102.0,1.7305552252573944,0.40786197082888653
103.0,1.088179612905886,1.0,103.0,1.6106848476030764,0.5021789398790466
104.0,1.1798419884902784,0.9839914621131269,104.0,1.4288684054192138,0.6802294557097119
105.0,1.080200399856182,1.0,105.0,1.3241077491894944,0.8297314123087869
106.0,0.922413909602741,1.0,106.0,1.6936208052566508,0.4371220206332266
107.0,0.9295151622088638,1.0,107.0,1.9302714308649558,0.27058875844895053
108.0,1.0204941218158194,1.0,108.0,1.6511661328984228,0.4701173959445038
109.0,1.041519046777216,1.0,109.0,1.598317031478175,0.5096495908929206
110.0,1.1010877599498354,1.0,110.0,1.5760733392264978,0.5312522234080399
111.0,1.0114042942324375,1.0,111.0,1.80385151930592,0.35650124510850223
112.0,0.9053519634740897,1.0,112.0,2.0157591886907373,0.2351031661330487
113.0,1.0370969774698349,1.0,113.0,1.839556770869324,0.32194948416933467
114.0,1.3193490252731508,0.8216604411241551,114.0,1.7849465684069483,0.36179295624332974
115.0,1.3517662537247537,0.7813722874421913,115.0,2.07224139991263,0.20584311632870853
116.0,1.2745666071250636,0.8955442902881536,116.0,1.9743279796011217,0.25627001067235855
117.0,1.358710723404622,0.7718338669512629,117.0,1.4878129734208076,0.6217093561010317
118.0,1.4368563092435371,0.6615528281750267,118.0,1.3915253379492203,0.720072927783707
119.0,1.4828864575582963,0.6114372109569548,119.0,1.6577338301570066,0.463891853432942
120.0,1.3900252137250957,0.7234969761650658,120.0,1.8547090956053092,0.31012095339736745
121.0,1.363262382474229,0.7617840626111705,121.0,2.197100610500139,0.1482123799359658
122.0,1.4689603372627176,0.6276236214870153,122.0,2.418776188570134,0.059631803628601876
123.0,1.6017615268517544,0.5102721451440768,123.0,2.2322173965470347,0.12608946993952325
124.0,1.8047522425778186,0.3508982568480968,124.0,2.144028801710405,0.17098007826396297
125.0,2.1235488416691894,0.18022945570971177,125.0,1.9797267711329058,0.24973319103521868
126.0,2.271310329962721,0.10725720384204905,126.0,1.718760903973968,0.41751156172180715
127.0,2.4663217664874137,0.045424226254002074,127.0,1.8119103989822376,0.344672714336535
128.0,2.6136191672618283,0.00660352187833505,128.0,1.9740490808958457,0.2525346851654215
129.0,2.4377326690608,0.053828708644610423,129.0,1.8035452114932393,0.3508982568480967
130.0,1.8630058159874225,0.3256848096762717,130.0,1.488501156061719,0.6145499822127357
131.0,1.4301866569514836,0.6864549982212735,131.0,1.1826293293179926,0.9617796157950906
132.0,1.2419739151887716,0.9237593383137673,132.0,1.0235900006449608,1.0
133.0,1.3279624718828642,0.8139096406972607,133.0,1.0777247409893653,1.0
134.0,1.5503237632164497,0.5519832799715403,134.0,1.2255673903685786,0.9395677694770543
135.0,1.6612569344346098,0.4632692991817858,135.0,1.2710642453615608,0.8967449306296691
136.0,1.6223576058716693,0.4950195659907506,136.0,1.1943112183136582,0.9661819637139808
137.0,1.4404928244657738,0.6603077196727144,137.0,1.1176985885809563,1.0
138.0,1.5176099518942294,0.5790643898968338,138.0,1.0916733162848613,1.0
139.0,1.3374680364023637,0.7970917822838848,139.0,1.1718979312655315,0.9637806830309499
140.0,0.9886103616615828,1.0,140.0,1.6820827298815653,0.4614016364283173
141.0,0.9171655752530092,1.0,141.0,2.3325591022953773,0.09362771255780855
142.0,1.1640173568932908,0.965581643543223,142.0,2.311319698401166,0.09525080042689425
143.0,1.279668491524879,0.887940234791889,143.0,2.280244838981441,0.1068569903948772
144.0,1.2687803648672404,0.8985458911419423,144.0,2.227139682502741,0.13493863393810027
145.0,1.4370211543050568,0.6674670935610103,145.0,1.6841875924456702,0.44147990039131985
146.0,1.5045092886147255,0.5884027036641765,146.0,1.5603858488688687,0.5448239060832443
147.0,1.3269048123582698,0.8183475631447883,147.0,1.5421494779759668,0.5594539309854144
148.0,1.2413620764784694,0.9257604055496264,148.0,2.434580428914356,0.10872465314834574
149.0,1.1244676230238313,0.9949973319103522,149.0,3.4415445042566777,0.0
150.0,1.0575654819101241,1.0,150.0,2.666310375017539,0.03301760939167555
151.0,1.2433372479236933,0.9182008182141588,151.0,1.9289090659621433,0.27805940946282454
152.0,1.4179187869130807,0.6864549982212736,152.0,1.6126551250311583,0.5028014941302028
153.0,1.3696314663141185,0.7576929918178584,153.0,1.3328109266889556,0.8032506225542512
154.0,1.3072923761678885,0.8538553895410885,154.0,1.0813442092417227,1.0
155.0,1.522798150822272,0.5877801494130203,155.0,1.091847082960805,0.9979989327641409
156.0,1.8403762215783996,0.31914799003913197,156.0,1.3083260514479496,0.841604411241551
157.0,1.5545119857833634,0.5585200996086802,157.0,1.3298662813150741,0.8190368196371398
158.0,1.3349360850777825,0.8094272500889363,158.0,1.2458891097171256,0.9213980789754534
159.0,1.6961765132490336,0.43432052650302383,159.0,1.0564231729853233,1.0
160.0,1.732832008239403,0.4050604766986837,160.0,1.0738058246716353,1.0
161.0,1.540565604220471,0.561321593738883,161.0,1.1961781234406268,0.9705843116328708
162.0,1.385823343622711,0.7303450729277836,162.0,1.2513643516474755,0.915554962646745
163.0,1.1595329666237169,0.9575773745997864,163.0,1.2578813771258592,0.9081510138740663
164.0,0.8389795017087667,1.0,164.0,1.5090288267566334,0.5927605834222697
165.0,0.9093968940288972,1.0,165.0,1.6368203370524492,0.47852187833511206
166.0,1.321320327958197,0.8163464959089292,166.0,2.086050830776026,0.19510405549626464
167.0,1.4853838083468425,0.6073906083244397,167.0,2.105219843030811,0.18921202419067945
168.0,1.3102682481399195,0.8348452508004269,168.0,1.9347549132637671,0.2646744930629668
169.0,1.1173070516893349,0.9981990394877267,169.0,1.9923719588376358,0.24599786552828173
170.0,0.964813377246653,1.0,170.0,2.2515540403335157,0.12593383137673422
171.0,0.9459717962465509,1.0,171.0,2.3599489568006042,0.08144343649946634
172.0,1.1083227297060052,0.9957977588046958,172.0,1.7212614223624187,0.42684987548914977
173.0,1.3775289265703745,0.7552027748132337,173.0,1.3463205100029747,0.7897990039131982
174.0,1.76491716441494,0.3789131981501245,174.0,1.450081002757555,0.6466115261472785
175.0,1.8923989797004914,0.2864638918534329,175.0,1.451015338657791,0.6428762006403415
176.0,1.6177254189588528,0.4978210601209534,176.0,1.4933586875123317,0.6002312344361437
177.0,1.562145003340097,0.5420224119530417,177.0,1.2693539773369222,0.882826396300249
178.0,1.7494712261334455,0.39105300604766985,178.0,1.0158139061405262,1.0
179.0,1.4857809802195667,0.6385183208822484,179.0,0.8296097529980759,1.0
180.0,1.0801102817996813,0.9879935965848452,180.0,0.9177927611535034,1.0
181.0,0.8496080869891993,1.0,181.0,1.3056579072184693,0.8344717182497332
182.0,0.9904014375012744,1.0,182.0,1.4229200115993983,0.6792956243329776
183.0,1.145982301796275,1.0,183.0,1.3135932888995243,0.8381581287797936
184.0,1.1321409758830545,1.0,184.0,1.242368574298011,0.9239594450373532
185.0,1.2582204368489824,0.8947660974742084,185.0,1.227793661875657,0.9371664887940234
186.0,1.5850678070202975,0.5258360014229811,186.0,1.1403328895590321,0.9967982924226254
187.0,1.8089649374945815,0.34249377445748835,187.0,1.0766069991516576,1.0
188.0,1.9130123734650524,0.2727676983279971,188.0,1.3748320200111408,0.7616728922091782
189.0,1.815600331024597,0.3396922803272856,189.0,1.8032527232843463,0.34685165421558156
190.0,1.6832825340037219,0.44832799715403765,190.0,1.4564109217039518,0.6702241195304163
191.0,1.5344246974906306,0.568792244752757,191.0,1.0683772932099962,1.0
192.0,1.2762275168391537,0.8799359658484525,192.0,1.101392060640935,0.9939967982924226
193.0,1.1016688835570152,1.0,193.0,1.3408093658869404,0.7959800782639629
194.0,0.9712756210368632,1.0,194.0,1.464389827995646,0.6304251156172181
195.0,0.9397720989778704,1.0,195.0,1.4655259099423206,0.6282461757381715
196.0,0.9282085633376322,1.0,196.0,1.532541051469294,0.5697260761294913
197.0,1.2027216024846212,0.9016364283173247,197.0,1.7982713701466295,0.3496531483457844
198.0,1.6216270853641066,0.496575951618641,198.0,1.7038098949150189,0.4271611526147278
199.0,1.3782520381876764,0.7552027748132337,199.0,1.642742399332855,0.4769654927072216
200.0,1.0598033541997527,1.0,200.0,1.8119970737122488,0.3400035574528637
201.0,1.0247562762433282,1.0,201.0,1.8717746153136097,0.29742084667378155
202.0,1.1032302313589162,1.0,202.0,1.7342149433730054,0.4022589825684809
203.0,1.279367233636087,0.8777792600498042,203.0,1.4261986323337956,0.6852098897189611
204.0,1.3884795198226065,0.7219405905371754,204.0,1.3139005484412867,0.8478521878335111
205.0,1.309107605372541,0.8444726076129492,205.0,1.4725554163294179,0.6285574528637496
206.0,1.1949118509191345,0.9653815368196371,206.0,1.5909127281940754,0.5164976876556385
207.0,1.1270105770241439,0.9903948772678761,207.0,1.6753198097832895,0.45268587691213086
208.0,1.3734138005653884,0.749799893276414,208.0,1.76058625248304,0.38078086090359303
209.0,1.290204042494119,0.8633493418712201,209.0,1.8183115447894325,0.33315546069014584
210.0,1.1841526973743286,0.983791355389541,210.0,1.7163545798425655,0.42062433297758806
211.0,1.3776950196441764,0.7522011739594451,211.0,1.597404808913386,0.5130736392742796
212.0,1.562723962878357,0.5417111348274636,212.0,1.629922917380093,0.48599252934898607
213.0,1.5442434740508912,0.5560298826040554,213.0,1.793121181683969,0.3561899679829242
214.0,1.4372283088555535,0.6643543223052295,214.0,1.8879633383900232,0.2892653859836357
215.0,1.5113116600300707,0.5924493062966916,215.0,1.7786478708294022,0.36646211312700105
216.0,1.9714853270968535,0.257826396300249,216.0,1.6854475832413067,0.44614905727499105
217.0,1.9507326107283203,0.2702774813233725,217.0,1.8656589681466516,0.30731945926716464
218.0,1.4258351332882335,0.696037886872999,218.0,1.9562817026246524,0.25658128779793665
219.0,1.1807364945798566,0.9627801494130201,219.0,1.7016426101723012,0.4308964781216648
220.0,0.9115916843965095,1.0,220.0,1.454140885672817,0.6422536463891855
221.0,0.9448341396441738,1.0,221.0,1.6844442147359795,0.4427250088936321
222.0,1.4813639711716495,0.6487682319459267,222.0,2.0819333919619614,0.19837246531483446
223.0,1.7037853803266891,0.42653859836357166,223.0,2.3789598096475837,0.06923692636072568
224.0,1.3270450388149584,0.8105434009249377,224.0,2.287454254830758,0.10285485592315896
225.0,1.0968981948638865,1.0,225.0,2.044364559871089,0.22122020633226605
226.0,1.2370145739434701,0.9072171824973321,226.0,2.2392561972369442,0.12980256136606189
227.0,1.5487764081701942,0.5501156172180718,227.0,2.5303803919794277,0.026614194236926274
228.0,1.598728115755672,0.5096495908929207,228.0,2.211988430324725,0.1412975809320526
229.0,1.436812669959238,0.6659107079331199,229.0,2.0141981847335315,0.23603699750978296
230.0,1.3200562785091203,0.8403593027392386,230.0,2.177706387437718,0.1554162219850587
231.0,1.363889102844329,0.7608502312344362,231.0,2.488623590442904,0.039220917822838826
232.0,1.4494627668247997,0.6482924226254003,232.0,2.4404480499071917,0.05242796157950903
233.0,1.1099322301622758,0.9751867662753468,233.0,2.458597518110829,0.0476254002134471
234.0,0.8485775488257368,1.0,234.0,2.3231331467375087,0.09304962646744924
235.0,0.7464662443506865,1.0,235.0,2.122541641625275,0.18094094628246166
236.0,0.9437473109761184,1.0,236.0,2.4048581726027547,0.06263340448239055
237.0,1.240373602719438,0.9273612593383136,237.0,2.2162115716377166,0.14212024190679465
238.0,1.150552416193943,0.9919957310565635,238.0,1.807700830275012,0.3465403770900035
239.0,1.1241705336059746,1.0,239.0,1.8521713783681926,0.31012095339736745
240.0,2.6973495305170205,0.303450729277837,240.0,1.7907987407106172,0.35743507648523654
241.0,5.896552277226137,0.0,241.0,1.854295661404877,0.3132337246531483
242.0,5.894051571543601,0.0,242.0,2.0999408900267076,0.19348096762717887
243.0,4.550170304261939,0.0,243.0,2.1578603947434534,0.16315368196371388
244.0,3.2371188758854137,0.0,244.0,1.8199849011014928,0.3462290999644254
245.0,1.9996961671658156,0.26529704731412307,245.0,1.5016999937862665,0.5964959089292067
246.0,1.2041581815041877,0.9057719672714337,246.0,1.512588952360212,0.5843561010316614
247.0,0.9207899846381485,1.0,247.0,1.5125707756956537,0.5908929206688012
248.0,0.8335498786152611,1.0,248.0,1.4331463676455822,0.6712024190679474
249.0,0.765825152930591,1.0,249.0,1.702345410548351,0.43027392387050867
250.0,0.6698638187414803,1.0,250.0,1.3369136656887348,0.7889007470651014
251.0,0.5599758420372691,1.0,251.0,1.0466202132725884,1.0
252.0,0.5300036415088758,1.0,252.0,1.1079662557583514,1.0
253.0,0.6181655449557751,1.0,253.0,1.0356178026304572,1.0
254.0,0.6407050118470272,1.0,254.0,1.1942766689928073,0.9481723585912486
255.0,0.6811076529144131,1.0,255.0,1.4877715211617228,0.6136161508360015
256.0,0.7156909537496405,1.0,256.0,1.7324498423131716,0.4066168623265741
257.0,0.6939868929613708,1.0,257.0,1.6636727181093365,0.4598452508004269
258.0,0.7149135470749066,1.0,258.0,1.576071148039261,0.5317502668089648
259.0,0.7934797243545182,1.0,259.0,1.8677137834836388,0.31105478477410176
260.0,0.7108372474342458,1.0,260.0,1.9746196545468457,0.25004446816079684
261.0,0.6369624312637725,1.0,261.0,1.7654739282097731,0.3798470295268588
262.0,0.6866498580500475,1.0,262.0,1.4371268864331805,0.6696460334400569
263.0,0.7652651246149477,1.0,263.0,1.4061504975935588,0.7038865172536464
264.0,0.6228919443863754,1.0,264.0,1.5377073349045327,0.561632870864461
265.0,0.4744912923201163,1.0,265.0,1.4247094298691616,0.6833422269654927
266.0,0.6138028975665937,1.0,266.0,1.1974747437182818,0.9603788687299892
267.0,0.788261011847486,1.0,267.0,1.079352801942901,1.0
268.0,0.7046619632198081,1.0,268.0,1.1533869667131182,0.9889941302027747
269.0,0.624541152199094,1.0,269.0,1.2153673328650665,0.949372998932764
270.0,0.6234052789938296,1.0,270.0,1.3133433775010517,0.8313989683386696
271.0,0.6047021831921331,1.0,271.0,1.4492188086009397,0.6450551405193882
272.0,0.5619477425407783,1.0,272.0,1.405877216427622,0.7032639630024903
273.0,0.5171793412598646,1.0,273.0,1.311393430519716,0.8419379224475275
274.0,0.519442228310635,1.0,274.0,1.3426493403107034,0.793734436143721
275.0,0.5636283132219592,1.0,275.0,1.5624263723185536,0.541960156527926
276.0,0.5723477477569965,1.0,276.0,1.561277002976318,0.5445126289576663
277.0,0.539801321089471,1.0,277.0,1.5992926905352571,0.5087157595161864
278.0,0.5534261683052164,1.0,278.0,1.7329601380588608,0.4053717538242618
279.0,0.5589037942117034,1.0,279.0,1.9147853777148947,0.27868196371398074
280.0,0.5854341589966723,1.0,280.0,2.2557993429625234,0.12477765919601558
281.0,0.6298484280199033,1.0,281.0,2.831453160439832,0.001400747065101375
282.0,0.6459864824588064,1.0,282.0,3.113813549364616,0.0
283.0,0.5615473657722212,1.0,283.0,2.687598645450071,0.014207577374599776
284.0,0.6565421505332021,1.0,284.0,2.1419450809484273,0.1722251867662753
285.0,0.8723150027960948,1.0,285.0,1.7248901926479792,0.41471006759160445
286.0,0.897410930815808,1.0,286.0,1.331646718232704,0.8030949839914621
287.0,0.8778471931346942,1.0,287.0,1.0279747329312123,1.0
288.0,1.6248993670699161,0.530127178939879,288.0,1.0431283416986994,1.0
289.0,2.274571234972422,0.11172625400213444,289.0,1.4118193259332665,0.7107568480967628
290.0,2.5149021182094833,0.0314167556029882,290.0,1.910516046640959,0.2926894343649946
291.0,2.504753499245197,0.033417822838847325,291.0,1.9690199691861046,0.2572038420490928
292.0,2.395952302485675,0.06543489861259333,292.0,1.5103166442694045,0.6030327285663466
293.0,2.765148573478126,0.021611526147278525,293.0,1.3653346890808,0.770299715403771
294.0,4.79223198093924,0.0,294.0,1.8855502685012118,0.3151013874066168
295.0,5.964804076508643,0.0,295.0,2.388457488572645,0.06843649946638203
296.0,4.644994430484319,0.0,296.0,2.4121160692689907,0.06083244397011733
297.0,3.217506102385794,0.0,297.0,2.331635597363428,0.08464514407684093
298.0,2.6312986884266554,0.0084044823906083,298.0,2.169929903418393,0.1558164354322305
299.0,2.7551062024719224,0.00260138740661685,299.0,2.238061671040033,0.12417733902525789
300.0,2.809688714853486,0.0,300.0,2.3717808265213844,0.07203842049092843
301.0,2.7872029679032035,0.0016008537886873,301.0,2.4027342351326135,0.06303361792956239
302.0,3.89772213498851,0.0,302.0,2.218810775538627,0.13235948061188185
303.0,3.6310173317909946,0.0,303.0,2.3004258500448467,0.09885272145144072
304.0,2.060830147236856,0.23599252934898607,304.0,2.194963679825553,0.14843472073995015
305.0,1.3273180782777452,0.8190812877979368,305.0,1.6951258598681544,0.4343205265030238
306.0,2.0345286498842965,0.28248399146211317,306.0,1.5185703589977542,0.5781305585200996
307.0,2.881041500305339,0.005402881536819625,307.0,1.4452043696639407,0.6550160085378869
308.0,1.6338597873168716,0.5377090003557452,308.0,1.2335546383115013,0.9329642475987192
309.0,1.0500248619395052,1.0,309.0,1.119426311725009,1.0
310.0,0.7870566333150273,1.0,310.0,1.48225663570802,0.654504624688723
311.0,0.5791850831904432,1.0,311.0,2.2141562753387336,0.1359391675560298
312.0,0.6292185166437503,1.0,312.0,1.932242059411152,0.2805496264674493
313.0,0.7698751120740313,1.0,313.0,1.5830371950260438,0.5249021700462468
314.0,0.804057088743309,1.0,314.0,1.4829835723359412,0.6129935965848453
315.0,0.7648427185101226,1.0,315.0,1.33066457035806,0.8173247954464603
316.0,0.6982887477433715,1.0,316.0,1.4793512638253052,0.6344717182497333
317.0,0.5905727185936325,1.0,317.0,1.7934278433465725,0.35401102810387763
318.0,0.5797836796401195,1.0,318.0,1.6114920919928397,0.5056029882604055
319.0,0.6345892218237563,1.0,319.0,1.253910299194172,0.9043045179651369
320.0,0.6483552548427473,1.0,320.0,1.188109247209387,0.9793890074706509
321.0,0.6174962663878827,1.0,321.0,1.2675457628325408,0.8964425471362503
322.0,0.5781717574994645,1.0,322.0,1.385716158077586,0.724119530416222
323.0,0.6884649311360291,1.0,323.0,1.2309962697163859,0.9288287086446104
324.0,0.7180100793690997,1.0,324.0,1.2551256496380088,0.8907417289220918
325.0,0.6235477825566441,1.0,325.0,1.7156832780899294,0.41813411597296335
326.0,0.6294707256981134,1.0,326.0,1.7719142985680385,0.3714425471362504
327.0,0.6558361230084976,1.0,327.0,1.7537508380993154,0.3857612949128424
328.0,0.6360885267952044,1.0,328.0,1.6720374293038702,0.4586001422981145
329.0,0.7405494406319876,1.0,329.0,1.7191570676399173,0.41471006759160445
330.0,0.6806583067810225,1.0,330.0,1.6855029083390975,0.44677161152614725
331.0,0.6440210563166889,1.0,331.0,1.6684055407897027,0.4623354678050515
332.0,0.702038653368419,1.0,332.0,1.6996477873146403,0.4318303094983991
333.0,0.742752700947301,1.0,333.0,1.6339678482837328,0.4844361437210957
334.0,0.6584356960692183,1.0,334.0,1.366259459477949,0.764941302027748
335.0,0.519362055288405,1.0,335.0,1.0703188965415205,1.0
336.0,0.43522383319566615,1.0,336.0,1.084049239502265,1.0
337.0,0.6456903458779848,1.0,337.0,1.299095070195369,0.8543223052294557
338.0,1.0183559941259435,1.0,338.0,1.295077894783593,0.8596140163642831
339.0,1.1710701633075644,0.9885939167556029,339.0,1.1406618365073247,0.9951974386339381
340.0,1.2037921868732941,0.963180362860192,340.0,1.1449698848550085,0.995397545357524
341.0,1.1580589583464904,0.9965981856990396,341.0,1.239125501181901,0.9275613660618995
342.0,1.0179287512609627,1.0,342.0,1.1972946908505735,0.9717849519743863
343.0,0.8947209334289286,1.0,343.0,1.2907863950737724,0.8622376378512984
344.0,0.7388565301964797,1.0,344.0,1.5045617986010975,0.5927605834222696
345.0,0.5383964498103545,1.0,345.0,1.546719963409278,0.5554073283528993
346.0,0.5319867176482251,1.0,346.0,1.7374119483899868,0.4019477054429029
347.0,0.7483419277361973,1.0,347.0,2.165985201859346,0.16135272145144072
348.0,0.7613956973146538,1.0,348.0,2.677098077978511,0.01080576307363925
349.0,0.7132921023977543,1.0,349.0,2.864975444940945,0.0
350.0,0.644193126569403,1.0,350.0,2.4432428154404637,0.053828708644610396
351.0,0.5922600700998473,1.0,351.0,2.038398772840089,0.2195393098541444
352.0,0.638328758136501,1.0,352.0,1.9768191439265277,0.24942191390964066
353.0,0.5803008356813859,1.0,353.0,2.238922832569934,0.12542244752757023
354.0,0.5663789866791327,1.0,354.0,1.5748531310322895,0.5600764852365706
355.0,0.5191313911363363,1.0,355.0,1.2305134665414927,0.9355656350053362
356.0,0.5014474954758135,1.0,356.0,1.3603708499144807,0.7725453575240129
357.0,0.5739816153829054,1.0,357.0,1.5715076750177417,0.5345517609391676
358.0,0.6037666046672487,1.0,358.0,1.7316366042470315,0.4047491995731056
359.0,0.6660784580404359,1.0,359.0,1.5167385468779113,0.5887139807897545
360.0,0.6891327580389826,1.0,360.0,1.4009915185953115,0.7063767342582711
361.0,0.8900090705758344,1.0,361.0,1.7727118841028917,0.38451618641053004
362.0,0.9333685609121256,1.0,362.0,2.2979168996507906,0.1033440056919245
363.0,0.7603494736554823,1.0,363.0,2.4620073400475393,0.04542422625400208
364.0,0.6094502484134852,1.0,364.0,2.1739504204594717,0.1562166488794023
365.0,0.6680243871044975,1.0,365.0,1.9121447267804847,0.2768143009605122
366.0,0.8703418208647027,1.0,366.0,1.9532782044336872,0.2590715048025613
367.0,1.0776685807087534,1.0,367.0,2.1724703664256366,0.15526503023834928
368.0,0.891172160867546,1.0,368.0,2.0387395324007103,0.21922803272856634
369.0,0.6072247529691838,1.0,369.0,1.610898375861438,0.5028014941302028
370.0,0.4858409995066104,1.0,370.0,1.6581715005072561,0.46731590181430094
371.0,0.4720836380612137,1.0,371.0,2.5196233669788395,0.06087691213091425
372.0,0.4920845831799443,1.0,372.0,2.882474985342646,0.0
373.0,0.5089879978513165,1.0,373.0,2.157035178812058,0.170624332977588
374.0,0.558187171750405,1.0,374.0,1.5734675097171436,0.5339292066880114
375.0,0.6210099755933094,1.0,375.0,1.2650936667352985,0.8881625755958733
376.0,0.5539130553609832,1.0,376.0,1.1482753808963673,0.9973986125933831
377.0,0.6075769242465408,1.0,377.0,1.2506340813405332,0.9181563500533616
378.0,0.7000356198373925,1.0,378.0,1.2684040967686756,0.8991462113127
379.0,0.6818621899374216,1.0,379.0,1.5113478933287892,0.5968071860547849
380.0,0.7672288162528812,1.0,380.0,1.692231956672625,0.43961223763785123
381.0,0.8700258094428502,1.0,381.0,1.5693510745743509,0.5339292066880114
382.0,0.7432155646915662,1.0,382.0,1.6020289675170811,0.5077819281394521
383.0,0.7520041193586411,1.0,383.0,2.089259062888307,0.1977499110636784
384.0,0.7488530646622332,1.0,384.0,2.3572965631199065,0.07744130202774807
385.0,0.7311890237104328,1.0,385.0,1.9371930660709125,0.2755691924581999
386.0,0.8277280347382807,1.0,386.0,1.8683505672752,0.3172803272856634
387.0,0.7435286416618629,1.0,387.0,2.477414325887687,0.044423692636072556
388.0,0.6265843754411826,1.0,388.0,2.401274744872771,0.06903681963713978
389.0,0.5881355615256648,1.0,389.0,1.8041602696732524,0.3624155104944859
390.0,0.7126053080316113,1.0,390.0,1.4006325715430794,0.7085556741373177
391.0,0.7491491847240787,1.0,391.0,1.5182371037660107,0.5887139807897546
392.0,0.6604177897248019,1.0,392.0,1.9773944747270376,0.2548692636072571
393.0,0.5809056337760795,1.0,393.0,2.2221475819661034,0.13029171113482743
394.0,0.6156291918815973,1.0,394.0,1.7704375559658512,0.38669512628957664
395.0,0.5815424694322666,1.0,395.0,1.4043026635091045,0.7048203486303807
396.0,0.5088303257238668,1.0,396.0,1.2803533896596768,0.8803806474564212
397.0,0.48275800920888007,1.0,397.0,1.108150405614414,1.0
398.0,0.44500546954987485,1.0,398.0,1.0152120053201998,1.0
399.0,0.4742582490034416,1.0,399.0,1.1046046053334053,0.9897945570971185
400.0,0.596328760715828,1.0,400.0,1.289070771368328,0.8795357524012806
401.0,0.7538943776546467,1.0,401.0,1.2049747012085765,0.9613794023479187
402.0,0.8287669079471816,1.0,402.0,1.242632519234642,0.9221362504446815
403.0,0.7482531339078144,1.0,403.0,1.3363615509710645,0.8002045535396656
404.0,0.7052575704993646,1.0,404.0,1.1883507764309793,0.9795891141942368
405.0,0.7314546781409696,1.0,405.0,1.2913272530197384,0.8685521166844539
406.0,0.8252535047111367,1.0,406.0,1.2991851236416307,0.8651058342226964
407.0,0.8272242208629201,1.0,407.0,1.2374571211352752,0.9293623265741728
408.0,0.6988330464888345,1.0,408.0,0.9633153695517694,1.0
409.0,0.6490093781360207,1.0,409.0,0.7894266503647651,1.0
410.0,0.7398969237518561,1.0,410.0,0.8805275750232502,1.0
411.0,0.8745568200686844,1.0,411.0,0.9226322863303914,1.0
412.0,0.7968810979529672,1.0,412.0,1.1381394103890468,0.9669823906083244
413.0,0.6658204536337662,1.0,413.0,1.4569945679060456,0.6403859836357169
414.0,0.6372183812335122,1.0,414.0,1.3721394493093508,0.7539131981501246
415.0,0.5966500746068276,1.0,415.0,1.265804905266155,0.903308431163287
416.0,0.6206542287461054,1.0,416.0,1.3951778836276696,0.7296558164354323
417.0,0.727706097296002,1.0,417.0,1.6300577081543102,0.4869263607257204
418.0,0.8781958603947421,1.0,418.0,1.4276202340212487,0.691746709356101
419.0,0.861015615747255,1.0,419.0,1.268342469303112,0.9009471718249732
420.0,0.7032466650450353,1.0,420.0,1.2599860530750426,0.9075506937033083
421.0,0.5880686230819555,1.0,421.0,1.1498031183092758,0.9947972251867663
422.0,0.508790025684897,1.0,422.0,1.5260713697139108,0.5993418712202063
423.0,0.43590376031822853,1.0,423.0,1.715121175544377,0.4181341159729633
424.0,0.36766938389206494,1.0,424.0,1.4164483626314752,0.6895677694770544
425.0,0.3504690714232658,1.0,425.0,1.585009907478803,0.5261472785485592
426.0,0.42752331748653355,1.0,426.0,1.9714058283751807,0.25409107079331195
427.0,0.5223626575506657,1.0,427.0,1.9397432515111652,0.2659196015652792
428.0,0.5882934631538594,1.0,428.0,1.8458318058959313,0.3135450017787264
429.0,0.5892545208958138,1.0,429.0,1.914017740894431,0.2733902525791533
430.0,0.5427803898929183,1.0,430.0,1.7635478936970022,0.3798470295268587
431.0,0.4362708043319631,1.0,431.0,1.6389152901926947,0.4791444325862682
432.0,0.40202565669560614,1.0,432.0,1.685002366107132,0.44272500889363214
433.0,0.5460032817053033,1.0,433.0,1.9847652772128943,0.24755425115617213
434.0,0.6562515595109083,1.0,434.0,1.963578733754684,0.25689256492351475
435.0,0.5332846242513026,1.0,435.0,1.762008022788846,0.3807808609035931
436.0,0.4707477700159353,1.0,436.0,1.6006594046024103,0.5099608680184988
437.0,0.48055665672218717,1.0,437.0,1.4678174111167759,0.6307363927427962
438.0,0.45722709172799425,1.0,438.0,1.627674459484164,0.49284062611170404
439.0,0.4436635667090789,1.0,439.0,2.0119634392688805,0.2360369975097829
440.0,0.4200008892840064,1.0,440.0,2.0867330569842055,0.2008004268943436
441.0,0.32934774901581254,1.0,441.0,1.9058048063977833,0.29393454286730697
442.0,0.24264289229613517,1.0,442.0,1.5042069985552362,0.5949395233013163
443.0,0.27490846602057817,1.0,443.0,1.3878068000438761,0.7231856990394878
444.0,0.46135185569718684,1.0,444.0,1.5177260804438415,0.5924493062966916
445.0,0.5835186900590632,1.0,445.0,1.9354529421873587,0.2718338669512629
446.0,0.5738616048347244,1.0,446.0,1.8035738546122706,0.35338847385272143
447.0,0.5634211383385926,1.0,447.0,1.5723139896129392,0.532995375311277
448.0,0.4650869673232326,1.0,448.0,1.545676356481864,0.5563411597296336
449.0,0.4541580192117305,1.0,449.0,1.456383841592075,0.6397634293845607
450.0,0.5592753201788897,1.0,450.0,1.4639435389849074,0.6329153326218427
451.0,0.5649866870397355,1.0,451.0,1.5985712888358121,0.5096495908929206
452.0,0.689001331653813,1.0,452.0,1.667601510433319,0.4586001422981145
453.0,0.8866546494920872,1.0,453.0,1.829926949892926,0.32755247242974017
454.0,0.9096846301362066,1.0,454.0,1.9641013322678886,0.25595873354678045
455.0,0.8022086761893293,1.0,455.0,2.1304782683838326,0.17782817502668086
456.0,0.7859021323389351,1.0,456.0,1.761892746454469,0.39198683742440416
457.0,0.7986349319221815,1.0,457.0,1.5359038258903854,0.5619441479900391
458.0,0.6916791232179943,1.0,458.0,1.7000361365353034,0.43151903237282097
459.0,0.6290272463984057,1.0,459.0,1.690257880819331,0.43898968338669514
460.0,0.7193479083616953,1.0,460.0,1.4785699056032935,0.6207755247242975
461.0,0.8135245157635426,1.0,461.0,1.3984602025686765,0.712913553895411
462.0,0.8006625364149533,1.0,462.0,1.3932610510857137,0.7178939879046603
463.0,0.7561362973975216,1.0,463.0,1.4668334917990253,0.6344717182497333
464.0,0.7826943743125582,1.0,464.0,1.7109546713390886,0.4221807186054785
465.0,0.8247689998746626,1.0,465.0,1.9934606469615392,0.24238705087157592
466.0,0.852100642933168,1.0,466.0,2.4153332576314845,0.06123265741728917
467.0,0.7132120340432309,1.0,467.0,2.8609472491649157,0.0
468.0,0.6064853428239523,1.0,468.0,2.888031014222746,0.0
469.0,0.5414676099457374,1.0,469.0,2.5194142494864606,0.036219316969050126
470.0,0.4930651829984325,1.0,470.0,2.1768036492134186,0.1524368552116684
471.0,0.529879599520499,1.0,471.0,2.130556995671371,0.17751689790110273
472.0,0.620592779791987,1.0,472.0,2.141620403376333,0.1716026325151191
473.0,0.6013823740386479,1.0,473.0,1.7790315675621469,0.37642298114549977
474.0,0.6380607709096028,1.0,474.0,1.4282361198770739,0.6749377445748844
475.0,0.732603026508974,1.0,475.0,1.3406792320355412,0.7945793311988616
476.0,0.7671636168409302,1.0,476.0,1.098674067298397,0.9897945570971185
477.0,0.8325020264265693,1.0,477.0,0.9555383329394983,1.0
478.0,1.025561024877911,1.0,478.0,0.9066634469589834,1.0
479.0,1.0441455485360014,1.0,479.0,0.9270616704327925,1.0
480.0,0.8775717001123047,1.0,480.0,0.8884791093978888,1.0
481.0,0.7661208475055006,1.0,481.0,0.9589434517194395,1.0
482.0,0.7449565457612402,1.0,482.0,1.2125346047039574,0.951774279615795
483.0,0.7536345730057127,1.0,483.0,1.2102963319626747,0.9577774813233724
484.0,0.7900518202273463,1.0,484.0,1.6502881625816626,0.4807008182141587
485.0,0.89938744759535,1.0,485.0,1.8117625490624294,0.3471629313411597
486.0,0.8999753609405841,1.0,486.0,1.3612319228643954,0.7768810032017076
487.0,0.9266770088309085,1.0,487.0,1.0202483675737446,1.0
488.0,0.8206427291393577,1.0,488.0,1.0617360524645358,1.0
489.0,0.6820952573066758,1.0,489.0,1.3339069670217516,0.8043400924937745
490.0,0.6196498294093089,1.0,490.0,1.512957993562834,0.586535040910708
491.0,0.5807248048123328,1.0,491.0,1.8947584721849497,0.30794201351832085
492.0,0.5362940609176265,1.0,492.0,2.500481579953661,0.0373532550693703
493.0,0.5497991783880936,1.0,493.0,2.610983443284212,0.01008537886872996
494.0,0.5265201319769102,1.0,494.0,2.287002131754964,0.10754624688722866
495.0,0.4933205042576257,1.0,495.0,1.7786361526539218,0.37455531839203127
496.0,0.5131008000391756,1.0,496.0,1.5464911114418516,0.554473496976165
497.0,0.6058250817847406,1.0,497.0,1.5746231188457585,0.5333066524368553
498.0,0.6938874310516315,1.0,498.0,1.524633547119049,0.5768854500177873
499.0,0.7322956107871559,1.0,499.0,1.362712264887048,0.7605389541088581
500.0,0.6950278999711581,1.0,500.0,1.4785165669301719,0.6157950907150481
501.0,0.7033284032124602,1.0,501.0,1.3850908205644075,0.7359480611881892
502.0,0.6070124340561573,1.0,502.0,1.3016473686745809,0.8634160441124155
503.0,0.5047375396224592,1.0,503.0,1.3852520192676985,0.7278548559231591
504.0,0.5032865026845045,1.0,504.0,1.4602013320591554,0.6332266097474208
505.0,0.6376187173371104,1.0,505.0,1.455578872147032,0.6410085378868731
506.0,0.795003380004275,1.0,506.0,1.469026139734879,0.6285574528637495
507.0,0.7300145757050067,1.0,507.0,1.7063182980502818,0.4256047669868374
508.0,0.7744416711337118,1.0,508.0,2.163770472734636,0.16319815012451078
509.0,0.7782118942330984,1.0,509.0,2.5062950888542943,0.034418356456776926
510.0,0.6260390646081792,1.0,510.0,2.0339056244042886,0.22329686944147986
511.0,0.5946527702535565,1.0,511.0,1.6239971744852222,0.4922180718605478
512.0,0.6456302586882927,1.0,512.0,1.4386069992913417,0.6615528281750267
513.0,0.687419463462401,1.0,513.0,1.4935328606319906,0.6073906083244398
514.0,0.6311134368530675,1.0,514.0,1.6927618262252655,0.4396122376378513
515.0,0.6029592514732105,1.0,515.0,1.5537440027049532,0.5507381714692281
516.0,0.590308753112422,1.0,516.0,1.3755605179894215,0.7429206688011385
517.0,0.6665990766444184,1.0,517.0,1.5597773028602337,0.5510494485948061
518.0,0.7833209559509661,1.0,518.0,1.860939707079693,0.30420668801138384
519.0,0.8073126713895277,1.0,519.0,1.6899369614976698,0.44054606901458554
520.0,0.7224538255899321,1.0,520.0,1.6845217816681406,0.4461490572749911
521.0,0.6512758985189158,1.0,521.0,1.5714208231000177,0.5404660263251512
522.0,0.6811478244075425,1.0,522.0,1.2306160230776682,0.9361659551760939
523.0,0.8010620105173784,1.0,523.0,1.1063684174204433,1.0
524.0,0.9874209218667397,1.0,524.0,0.9935544967575295,1.0
525.0,1.013739648951818,1.0,525.0,1.0380723024538228,1.0
526.0,0.8176034110653841,1.0,526.0,1.3571372378357967,0.7800160085378869
527.0,0.691717608937053,1.0,527.0,1.6991973929950352,0.4308964781216648
528.0,0.6763633817654082,1.0,528.0,1.9097010749281114,0.2821060120953397
529.0,0.6834564251996189,1.0,529.0,1.9922752846839402,0.24319637139807893
530.0,0.7518057719206914,1.0,530.0,1.6191717329645525,0.5
531.0,0.74475127632041,1.0,531.0,1.3102405906779726,0.8355789754535752
532.0,0.8214233551417435,1.0,532.0,1.0814473425985043,1.0
533.0,1.2540715233941726,0.8727499110636785,533.0,1.0105293333475531,1.0
534.0,1.5494973190531593,0.554162219850587,534.0,1.1253666210919229,1.0
535.0,1.8406773804168122,0.3322216293134115,535.0,1.1638500149309081,0.9859925293489861
536.0,2.1504587343630464,0.16606634649590885,536.0,1.4188832323217322,0.6995953397367485
537.0,2.1317891136741633,0.17658306652436848,537.0,1.516842566656012,0.5818658840270365
538.0,2.3517935392455764,0.08364461045891135,538.0,1.3992651969641732,0.7110458911419424
539.0,2.775436229492748,0.0,539.0,1.477189540521258,0.6235770188545002
540.0,2.4037543312605525,0.07701885450017783,540.0,1.8431412759086514,0.32786374955531844
541.0,1.6773993852253235,0.452997154037709,541.0,1.844514112740962,0.3305407328352899
542.0,1.5802859747404157,0.5560298826040555,542.0,1.560066929815398,0.543578797580932
543.0,2.856342691823751,0.018209711846318026,543.0,1.7497203403400625,0.3944770544290288
544.0,3.4876851020704933,0.0,544.0,2.070781984079206,0.20802205620775516
545.0,3.4403935889749757,0.0,545.0,1.7556583264900814,0.39727854855923156
546.0,2.2858663535254604,0.16233102098897184,546.0,1.1858839372413439,0.926916577730345
547.0,1.2824622680887785,0.8369352543578797,547.0,1.1375773356950716,0.972385272145144
548.0,0.8965910753457367,1.0,548.0,1.5381105540025763,0.5691035218783351
549.0,0.7803143723890433,1.0,549.0,1.6779929695423856,0.45268587691213086
550.0,0.7402122041698342,1.0,550.0,1.7702177774055796,0.37299893276414087
551.0,0.6717774101928209,1.0,551.0,1.5879437669244034,0.5224119530416221
552.0,0.4833525479820224,1.0,552.0,1.489397835221132,0.6080131625755959
553.0,0.4165183172761725,1.0,553.0,1.9144851471190922,0.29206688011383847
554.0,0.39148810436405546,1.0,554.0,2.0749661867911184,0.2052205620775524
555.0,0.34168109414826986,1.0,555.0,2.0419143949930403,0.2226520811099253
556.0,0.3538264270073677,1.0,556.0,2.108261745824618,0.18934542867307003
557.0,0.4905475499604448,1.0,557.0,1.793172903176856,0.362726787620064
558.0,0.664084687889683,1.0,558.0,1.7035059319765722,0.431207755247243
559.0,0.8259258692156728,1.0,559.0,1.7601793847637304,0.3829598007826396
560.0,0.8769057676097276,1.0,560.0,1.6205397744445666,0.4947082888651725
561.0,0.9180736673115099,1.0,561.0,1.5197548032449473,0.5781305585200995
562.0,0.9900517710725645,1.0,562.0,1.4472897995287028,0.6484791889007471
563.0,1.2102779463925342,0.9493729989327642,563.0,1.476253782539751,0.6167289220917823
564.0,1.1717683041449516,0.9779882604055496,564.0,1.4133401598527582,0.6926805407328352
565.0,0.994345330246694,1.0,565.0,1.3968659589509258,0.70980078263963
566.0,0.8218124493003526,1.0,566.0,1.3977558786678572,0.7117929562433297
567.0,0.7898415846277775,1.0,567.0,1.660686104966997,0.4607790821771611
568.0,0.7208578861092109,1.0,568.0,1.8647613347447738,0.30140519388118103
569.0,0.5271851132797298,1.0,569.0,1.8408585555752146,0.31696905016008536
570.0,0.42574618465465475,1.0,570.0,1.7611907772969584,0.3814034151547492
571.0,0.3740330455372088,1.0,571.0,1.6357917400255972,0.48038954108858056
572.0,0.3035405940994813,1.0,572.0,1.8505769285331444,0.32910885805763074
573.0,0.2740861185272113,1.0,573.0,1.989524516871514,0.24755425115617216
574.0,0.370419546725357,1.0,574.0,1.4047110329797288,0.7353032728566347
575.0,0.5693375509049489,1.0,575.0,1.1479459050915475,0.97698772678762
576.0,0.8811456485223423,1.0,576.0,1.687318961112243,0.4570437566702241
577.0,1.047764830626521,1.0,577.0,2.4132269300213767,0.0737282106012095
578.0,0.8633527476529295,1.0,578.0,2.8459313975344114,0.0
579.0,0.7019874709235658,1.0,579.0,2.396261096878171,0.0722162931341159
580.0,0.6964503260852335,1.0,580.0,1.9145570960844052,0.2864638918534329
581.0,0.6292813250791734,1.0,581.0,1.5985059103210744,0.5121398078975453
582.0,0.7229058483582775,1.0,582.0,1.4024243329060266,0.7153593027392388
583.0,1.10966719727187,0.9851921024546424,583.0,1.2447058210424014,0.9231590181430095
584.0,1.1096184431681881,0.9897945570971185,584.0,1.295902300546476,0.8721318036286019
585.0,0.8865257632694534,1.0,585.0,1.1864732516879677,0.974586446104589
586.0,0.7808786271374346,1.0,586.0,1.1607726654387085,0.9939967982924226
587.0,0.7006773063344357,1.0,587.0,1.3864944917139361,0.741817858413376
588.0,0.646571984155476,1.0,588.0,1.6728187353423951,0.4539309854144432
589.0,0.5624132743354355,1.0,589.0,1.6260340797249295,0.4875489149768766
590.0,0.5835989247892881,1.0,590.0,1.6977600335351404,0.43214158662397717
591.0,0.6371177393137246,1.0,591.0,2.230725365085283,0.13505869797225184
592.0,0.6860083947749246,1.0,592.0,2.2045745357122093,0.14523301316257553
593.0,0.8916721422770368,1.0,593.0,1.6401870555211493,0.4813233724653148
594.0,0.9626865301078302,1.0,594.0,1.3511283851274354,0.7829509071504803
595.0,0.8460733083765634,1.0,595.0,1.5281796363757265,0.5737726787620064
596.0,0.6834869720891944,1.0,596.0,1.5351567623046758,0.5644343649946638
597.0,0.5519032205101063,1.0,597.0,1.4672153398550258,0.6294912842404838
598.0,0.7367716129347015,1.0,598.0,1.3428521234479145,0.7978922091782285
599.0,0.8970581629122224,1.0,599.0,1.465128832484344,0.6397634293845607
600.0,0.7921464000944272,1.0,600.0,1.541971567838101,0.5588313767342583
601.0,0.6252155600140085,1.0,601.0,1.2623903380373152,0.8919646033440056
602.0,0.625216744159845,1.0,602.0,1.2544657857252923,0.9031705798648167
603.0,0.6050275169207657,1.0,603.0,1.4790691220232197,0.619219139096407
604.0,0.5936020505845818,1.0,604.0,1.4685665519819548,0.6245108502312344
605.0,0.5816048759154943,1.0,,,
