metric,favor_dir,g1_mean,g1_median,g2_mean,g2_median,diff_g2_minus_g1_mean,p_two_sided,p_g2_smaller,p_g2_larger,p_favor_g2,cliffs_delta_g1_vs_g2,n1,n2
c2_tbr_iqr,g2_smaller,1.3022457411429162,1.0276426612773002,0.601626527878579,0.5458379762562857,-0.7006192132643373,0.00429524090299667,0.002147620451498335,0.9981929508625507,0.002147620451498335,0.6794871794871795,13,12
d_tbr_max,g2_smaller,54.15756152936357,4.631928280540694,-6.4292113970806914,-6.375585652997504,-60.58677292644426,0.01549999333528876,0.00774999666764438,0.9933358356095913,0.00774999666764438,0.5769230769230769,13,12
c2_tbr_p75,g2_smaller,2.2799689603108977,2.3066564735686876,1.3815435092070132,1.3570689818722896,-0.8984254511038845,0.02398918445441276,0.01199459222720638,0.9896027582229686,0.01199459222720638,0.5384615384615385,13,12
c2_tbr_mean,g2_smaller,2.5956228995786867,1.9642089542903216,1.2678443402916473,1.2264641034617259,-1.3277785592870395,0.0276011217404837,0.01380056087024185,0.9880054077727937,0.01380056087024185,0.5256410256410255,13,12
c2_tbr_leQ33_median_sustain_s,g2_larger,2.0712231538461277,1.9859989999993104,63.00241654999958,2.9923507499998863,60.93119339615345,0.032387173625559526,0.9861537966713834,0.016193586812779763,0.016193586812779763,-0.5384615384615384,13,10
c2_tbr_std,g2_smaller,5.287445176624819,1.0421872542367268,1.3638169950949077,0.5421154809612962,-3.923628181529911,0.04137711560838741,0.020688557804193704,0.9818755290130785,0.020688557804193704,0.4871794871794872,13,12
c2_tbr_median,g2_smaller,1.5058166088805902,1.5349719825261166,1.030745678735315,1.053163293014281,-0.4750709301452751,0.04710684887475331,0.023553424437376656,0.9793114421958063,0.023553424437376656,0.47435897435897445,13,12
d_tbr_leQ33_mean_sustain_s,g2_larger,0.3689079098261191,0.2210310335968484,64.46750743553795,2.923295482501632,64.09859952571183,0.05855366987130325,0.9746225972430685,0.029276834935651624,0.029276834935651624,-0.4769230769230769,13,10
c1_tbr_leQ50_prop_focus,g2_larger,0.5005191653389081,0.5008347245409015,0.500640069928058,0.5008517887563884,0.0001209045891499283,0.06651758053804993,0.970656001717934,0.033258790269024965,0.033258790269024965,-0.4294871794871795,13,12
d_tbr_std,g2_smaller,2.797049233837397,0.2456050709132691,-0.34956438738220125,-0.3730410741843252,-3.1466136212195983,0.0770998717435417,0.03854993587177085,0.9657846275276009,0.03854993587177085,0.42307692307692313,13,12
c2_tbr_max,g2_smaller,84.97646183599925,9.899466785748793,18.456737440839294,5.658097339213213,-66.51972439515995,0.0770998717435417,0.03854993587177085,0.9657846275276009,0.03854993587177085,0.42307692307692313,13,12
c2_tbr_leQ33_mean_sustain_s,g2_larger,5.168257112898918,3.2951576734694923,68.35447117970719,5.781730087601091,63.18621406680827,0.07714537101088105,0.9663385534325644,0.038572685505440525,0.038572685505440525,-0.4461538461538461,13,10
d_tbr_iqr,g2_smaller,0.28579658560249704,0.04887954649856607,-0.11211371338318023,-0.14455773829644414,-0.39791029898567726,0.08664373365473696,0.04332186682736848,0.9614500641282292,0.04332186682736848,0.41025641025641035,13,12
c1_tbr_leQ33_median_gap_s,g2_smaller,4.871199730769303,4.002505000000497,3.95100620833333,3.987102749999991,-0.9201935224359725,0.08664373365473696,0.04332186682736848,0.9614500641282292,0.04332186682736848,0.41025641025641035,13,12
c1_tbr_mean,g2_smaller,1.92153055858002,2.09822540306205,1.4060838323321292,1.153529794594566,-0.5154467262478908,0.09711956168340277,0.048559780841701386,0.9566781331726315,0.048559780841701386,0.39743589743589736,13,12
c1_tbr_iqr,g2_smaller,1.016449155540419,0.9113233878107949,0.7137402412617591,0.6374121883782079,-0.30270891427865987,0.09711956168340277,0.048559780841701386,0.9566781331726315,0.048559780841701386,0.39743589743589736,13,12
d_tbr_leQ50_first_reach_s,g2_smaller,3.897433461539864,-0.9874370000000141,-23.936931800000046,-4.9364139999999805,-27.83436526153991,0.1209454647056578,0.0604727323528289,0.9466114531678563,0.0604727323528289,0.39230769230769225,13,10
c1_tbr_p75,g2_smaller,2.0126022699623394,1.9642170548104563,1.527025716150991,1.2181283663432292,-0.48557655381134834,0.1210945670385861,0.06054728351929305,0.9457077991928627,0.06054728351929305,0.3717948717948718,13,12
c1_tbr_geQ67_mean_sustain_s,g2_larger,3.7031454902844265,2.735939978723459,4.404674355549985,3.420252417105244,0.7015288652655585,0.1210945670385861,0.9457077991928627,0.06054728351929305,0.06054728351929305,-0.3717948717948718,13,12
c1_tbr_geQ67_max_sustain_s,g2_larger,16.89818230769289,11.983236000002535,29.836336333333225,18.462199000000496,12.938154025640337,0.13470504984007844,0.9394527164807069,0.06735252492003922,0.06735252492003922,-0.3589743589743589,13,12
d_tbr_leQ50_max_sustain_s,g2_larger,-7.232009923078858,-2.9859350000011204,117.41358640000003,34.42757949999982,124.64559632307889,0.1628980349177952,0.927498123084933,0.0814490174588976,0.0814490174588976,-0.3538461538461538,13,10
c1_tbr_leQ50_median_gap_s,g2_smaller,3.7679178461536775,3.5355964999994782,3.5789919999999413,3.0261182500000894,-0.1889258461537362,0.16543653405847458,0.08271826702923729,0.9252655533551446,0.08271826702923729,0.33333333333333326,13,12
c1_tbr_median,g2_smaller,1.4375200194840188,1.401272255572516,1.0768474605020097,0.9214884734648254,-0.360672558982009,0.20116781630321023,0.10058390815160512,0.9086724397072774,0.10058390815160512,0.3076923076923077,13,12
c2_tbr_leQ33_max_sustain_s,g2_larger,34.01071330769218,18.972712000004606,134.20703090000217,32.94426900000169,100.19631759230998,0.20360201785036391,0.9087953509163681,0.10180100892518196,0.10180100892518196,-0.32307692307692304,13,10
d_tbr_leQ25_median_sustain_s,g2_larger,4.805309423077167,0.008127499998948906,59.50800084999925,0.7408057499996739,54.70269142692208,0.20360201785036391,0.9087953509163681,0.10180100892518196,0.10180100892518196,-0.32307692307692304,13,10
d_tbr_leQ33_max_sustain_s,g2_larger,9.523277307691037,4.99444199999283,106.45989860000063,20.45600500000085,96.9366212923096,0.20360201785036391,0.9087953509163681,0.10180100892518196,0.10180100892518196,-0.32307692307692304,13,10
c2_tbr_leQ50_max_sustain_s,g2_larger,41.992002000000795,30.97014000001019,164.9167482000027,60.88902450000268,122.9247462000019,0.20360201785036391,0.9087953509163681,0.10180100892518196,0.10180100892518196,-0.32307692307692304,13,10
c2_tbr_p25,g2_smaller,0.9777232191679814,1.1426624787102295,0.7799169813284342,0.8281441060957295,-0.1978062378395472,0.22101309719361817,0.11050654859680908,0.8994160918483949,0.11050654859680908,0.29487179487179493,13,12
c2_tbr_leQ25_mean_sustain_s,g2_larger,10.985689271855698,2.990124941176567,68.0050084243269,5.331173240566272,57.019319152471205,0.22653276315984072,0.898198991074818,0.11326638157992036,0.11326638157992036,-0.3076923076923077,13,10
c2_tbr_leQ25_max_sustain_s,g2_larger,30.16896330769265,11.994610999999736,117.93697960000063,21.468802999999024,87.76801629230798,0.22653276315984072,0.898198991074818,0.11326638157992036,0.11326638157992036,-0.3076923076923077,13,10
c2_tbr_leQ50_mean_sustain_s,g2_larger,6.1885089869093255,5.592119240000135,70.45222593859751,9.886253453781638,64.26371695168818,0.25124885608478764,0.8867336184200796,0.12562442804239382,0.12562442804239382,-0.29230769230769227,13,10
c2_tbr_geQ67_first_reach_s,g2_smaller,2.448962076923085,1.9889440000000214,1.8137035454545214,0.0,-0.6352585314685637,0.25204204106741224,0.12602102053370612,0.886344999888967,0.12602102053370612,0.26573426573426584,13,11
d_tbr_leQ25_mean_sustain_s,g2_larger,5.514398234543113,0.3038291965241915,64.25064091068525,3.15517101365597,58.73624267614213,0.2777870669053022,0.8743755719576062,0.1388935334526511,0.1388935334526511,-0.27692307692307694,13,10
d_tbr_leQ25_max_sustain_s,g2_larger,12.511653923076617,2.999224000000652,99.87411699999932,13.98741199999979,87.3624630769227,0.2777870669053022,0.8743755719576062,0.1388935334526511,0.1388935334526511,-0.27692307692307694,13,10
d_tbr_p75,g2_smaller,0.26736669034855803,0.05846594237772873,-0.14548220694397787,-0.2636171948894326,-0.41284889729253593,0.2888443663464849,0.14442218317324246,0.8675861449766218,0.14442218317324246,0.2564102564102564,13,12
c1_tbr_leQ25_prop_focus,g2_larger,0.25051913846213425,0.25042301184433163,0.25060433164663076,0.2504258943781942,8.519318449651259e-05,0.2977349270624938,0.8634843438988824,0.1488674635312469,0.1488674635312469,-0.25,13,12
d_tbr_leQ33_median_sustain_s,g2_larger,-0.11190388461549852,0.0006380000008050501,60.70927584999966,0.2526290000001161,60.821179734615164,0.3061723762831656,0.8611064665473489,0.1530861881415828,0.1530861881415828,-0.2615384615384615,13,10
c1_tbr_leQ50_mean_sustain_s,g2_larger,6.35848253599011,4.142728134615745,7.76825460228823,6.527983133547059,1.4097720662981201,0.31428698551892353,0.8555778168267576,0.15714349275946177,0.15714349275946177,-0.2435897435897436,13,12
c1_tbr_geQ67_total_time_focus_s,g2_larger,135.77887946154263,128.58917900000256,140.86913841666743,137.55409650000325,5.090258955124796,0.31428698551892353,0.8555778168267576,0.15714349275946177,0.15714349275946177,-0.2435897435897436,13,12
c1_tbr_leQ33_mean_gap_s,g2_smaller,7.277962484104459,6.273728571428942,6.336060879539038,6.000051493277359,-0.9419016045654214,0.3411606266705748,0.1705803133352874,0.8428565072405383,0.1705803133352874,0.23076923076923084,13,12
c2_tbr_leQ25_median_sustain_s,g2_larger,8.910824192307912,1.9936444999998457,61.31335159999939,2.4956169999996973,52.40252740769148,0.3685185409900362,0.8317915832058624,0.1842592704950181,0.1842592704950181,-0.23076923076923073,13,10
c2_tbr_leQ50_first_reach_s,g2_smaller,48.82616984615386,0.9953670000000105,15.159630700000136,1.478461000000003,-33.666539146153724,0.3924581027648728,0.1962290513824364,0.8208250487810118,0.1962290513824364,0.21538461538461529,13,10
c1_tbr_p25,g2_smaller,0.9961531144219206,0.9506820102681641,0.8132854748892319,0.7669581993106905,-0.1828676395326887,0.39917875165278627,0.19958937582639313,0.8152690286262481,0.19958937582639313,0.20512820512820507,13,12
d_tbr_leQ25_first_reach_s,g2_smaller,19.484435000002588,-1.9914120000000217,-43.778296700000055,-6.421105499999936,-63.26273170000265,0.4024607919056016,0.2012303959528008,0.8157407295049819,0.2012303959528008,0.21538461538461529,13,10
c1_tbr_leQ33_median_sustain_s,g2_larger,2.1831270384616266,1.9950360000000202,2.3273413333332806,1.9990209999998054,0.14421429487165405,0.4302896916456853,0.8004106241736069,0.21514484582284266,0.21514484582284266,-0.1923076923076923,13,12
c1_tbr_leQ25_median_gap_s,g2_smaller,4.81076584615439,4.996049999999514,4.98733312500011,4.490911750000443,0.1765672788457202,0.4302896916456853,0.21514484582284266,0.8004106241736069,0.21514484582284266,0.1923076923076923,13,12
c1_tbr_leQ50_total_time_focus_s,g2_larger,230.61348815385662,217.5960960000159,238.587780333336,241.05483200000572,7.9742921794793915,0.4965612172813433,0.7686180147121057,0.24828060864067164,0.24828060864067164,-0.16666666666666663,13,12
d_tbr_mean,g2_smaller,0.6740923409986664,0.13586126312862556,-0.13823949204048164,0.039513022730937486,-0.812331833039148,0.4965612172813433,0.24828060864067164,0.7686180147121057,0.24828060864067164,0.16666666666666674,13,12
d_tbr_leQ33_first_reach_s,g2_smaller,20.486175461541738,-1.9593420000000314,-41.782821899999774,-4.432323999999958,-62.26899736154151,0.5149287781946421,0.25746438909732106,0.7621389114363409,0.25746438909732106,0.1692307692307693,13,10
c1_tbr_leQ25_mean_gap_s,g2_smaller,7.692877596703079,7.513497076923866,8.249328666803223,7.060506536231909,0.5564510701001435,0.5316314420218472,0.2658157210109236,0.7517193913593283,0.2658157210109236,0.15384615384615374,13,12
d_tbr_leQ25_total_time_focus_s,g2_larger,3.189614076923729,0.04023100000220836,101.20730400000234,5.867377000002435,98.0176899230786,0.5679151111448195,0.7341842789890765,0.28395755557240976,0.28395755557240976,-0.14102564102564108,13,12
d_tbr_leQ50_mean_gap_s,g2_smaller,1.010970865291923,0.12022990198986516,0.8120273054124809,-1.2501221587300222,-0.198943559879442,0.6401805361005117,0.32009026805025587,0.7034068726991418,0.32009026805025587,0.1282051282051282,13,9
d_tbr_leQ50_mean_sustain_s,g2_larger,-0.16997354908078421,0.7031189395365312,62.92470617215041,2.3258965495098143,63.094679721231195,0.6418381810738645,0.7009544607554914,0.32091909053693224,0.32091909053693224,-0.12307692307692308,13,10
d_tbr_leQ33_total_time_focus_s,g2_larger,-2.097487384615342,-3.234532999994528,78.47392266666799,-1.5590139999976316,80.57141005128334,0.6438382008132897,0.6973283303317466,0.32191910040664484,0.32191910040664484,-0.11538461538461542,13,12
c2_tbr_leQ25_first_reach_s,g2_smaller,116.61797415384855,37.89035799999971,45.58581800000017,36.88199299999957,-71.03215615384838,0.6614410251405802,0.3307205125702901,0.6916332367566592,0.3307205125702901,0.11538461538461542,13,10
c2_tbr_leQ25_total_time_focus_s,g2_larger,101.1636393076956,81.8982630000078,196.79224716667014,100.70210900000535,95.62860785897453,0.6832555457412299,0.6781127831556795,0.34162777287061497,0.34162777287061497,-0.10256410256410253,13,12
c1_tbr_leQ50_max_sustain_s,g2_larger,49.22401192307966,22.94178499999947,46.573515250002465,41.92528250000129,-2.6504966730771926,0.6833131587171801,0.6780808995933552,0.34165657935859006,0.34165657935859006,-0.10256410256410253,13,12
d_tbr_median,g2_smaller,0.06829658939657163,-0.005709669653515298,-0.04610178176669477,-0.0045657184241858495,-0.1143983711632664,0.6833131587171801,0.34165657935859006,0.6780808995933552,0.34165657935859006,0.10256410256410264,13,12
d_tbr_geQ67_median_sustain_s,g2_larger,-0.0520887692307863,-0.0023120000001881635,27.706263045454545,-0.0037430000002771635,27.75835181468533,0.6850689949718154,0.6784942578007245,0.3425344974859077,0.3425344974859077,-0.1048951048951049,13,11
c2_tbr_leQ50_total_time_focus_s,g2_larger,225.86260030770012,255.4110370000074,265.3333094166696,224.07090050000616,39.47070910896946,0.7236226335215661,0.658372227129385,0.36181131676078304,0.36181131676078304,-0.08974358974358976,13,12
d_tbr_geQ67_first_reach_s,g2_smaller,-0.9857871538461379,0.0,-3.532510454545468,0.0,-2.5467233006993304,0.7248907279704537,0.36244536398522686,0.6593115859744272,0.36244536398522686,0.09090909090909083,13,11
c2_tbr_leQ33_first_reach_s,g2_smaller,73.86205415384815,9.989137999999713,37.90556860000022,10.464026999999739,-35.956485553847926,0.7294069978375229,0.36470349891876147,0.6586597170278392,0.36470349891876147,0.0923076923076922,13,10
c2_tbr_leQ33_total_time_focus_s,g2_larger,134.76836700000396,118.80704700001499,214.8371985000033,134.62425900000616,80.06883149999933,0.764773633107833,0.638188683239217,0.3823868165539165,0.3823868165539165,-0.07692307692307687,13,12
c2_tbr_leQ25_prop_focus,g2_larger,0.24287742044186297,0.24102564102564103,0.37932014677077724,0.25533171178793,0.13644272632891427,0.764773633107833,0.638188683239217,0.3823868165539165,0.3823868165539165,-0.07692307692307687,13,12
c1_tbr_leQ33_total_time_focus_s,g2_larger,136.86585438461933,127.57431999999744,136.36327583333536,143.15816000000254,-0.5025785512839605,0.7648175395839272,0.6381631950841185,0.3824087697919636,0.3824087697919636,-0.07692307692307687,13,12
d_tbr_leQ25_prop_focus,g2_larger,-0.00764171802027125,-0.009397370818690604,0.1287158151241465,0.004695035785273638,0.13635753314441776,0.7648175395839272,0.6381631950841185,0.3824087697919636,0.3824087697919636,-0.07692307692307687,13,12
c2_tbr_geQ67_median_sustain_s,g2_larger,2.326929346153835,1.9986044999998853,30.164105090909004,2.974753500000091,27.837175744755168,0.7720589697507347,0.6359369359139835,0.38602948487536737,0.38602948487536737,-0.07692307692307687,13,11
c1_tbr_leQ33_max_sustain_s,g2_larger,24.487436000001143,14.909481000003098,26.448124166668038,18.95225750000006,1.9606881666668947,0.8066362801930473,0.6175912302080364,0.40331814009652367,0.40331814009652367,-0.0641025641025641,13,12
d_tbr_p25,g2_smaller,-0.01842989525393911,0.003496241448496404,-0.03336849356079765,-0.003455761953191583,-0.01493859830685854,0.8066362801930473,0.40331814009652367,0.6175912302080364,0.40331814009652367,0.0641025641025641,13,12
c2_tbr_leQ50_median_sustain_s,g2_larger,3.4519881538462367,2.990156000000127,62.65361749999979,2.4998867499999147,59.20162934615355,0.8281609739814659,0.6099075755869806,0.41408048699073297,0.41408048699073297,-0.06153846153846154,13,10
c2_tbr_leQ50_median_gap_s,g2_smaller,4.182957423077336,3.9918965000002515,3.834357000000377,3.9868565000004423,-0.34860042307695904,0.8412192411771064,0.4206096205885532,0.6053086224833714,0.4206096205885532,0.05982905982905984,13,9
c2_tbr_leQ33_prop_focus,g2_larger,0.31658248490898955,0.3128205128205128,0.41231537110556443,0.32249806119571345,0.09573288619657488,0.8489866682216102,0.5967000893767994,0.4244933341108051,0.4244933341108051,-0.05128205128205132,13,12
c2_tbr_leQ50_prop_focus,g2_larger,0.4791406291457634,0.5401709401709401,0.5059888369238628,0.4894643612521151,0.026848207778099376,0.8489866682216102,0.5967000893767994,0.4244933341108051,0.4244933341108051,-0.05128205128205132,13,12
d_tbr_leQ50_prop_focus,g2_larger,-0.02137853619314464,0.04017094017094014,0.005348766995804777,-0.010961533126079087,0.026727303188949416,0.8490153628243157,0.5966818599034763,0.42450768141215783,0.42450768141215783,-0.05128205128205132,13,12
d_tbr_leQ33_prop_focus,g2_larger,-0.013896947432123084,-0.017128725758167374,0.08201394711814232,-0.008003194831774751,0.0959108945502654,0.8490153628243157,0.5966818599034763,0.42450768141215783,0.42450768141215783,-0.05128205128205132,13,12
c1_tbr_std,g2_smaller,2.4903959427874223,0.9687974753940657,1.7133813824771087,1.2312496473644094,-0.7770145603103136,0.8490153628243157,0.42450768141215783,0.5966818599034763,0.42450768141215783,0.05128205128205132,13,12
d_tbr_leQ50_total_time_focus_s,g2_larger,-4.750887846156473,23.44602599996648,26.745529083333608,-12.939051000000688,31.49641692949008,0.8918354527466616,0.5754923185878422,0.4459177263733308,0.4459177263733308,-0.038461538461538436,13,12
c1_tbr_leQ33_mean_sustain_s,g2_larger,4.799349203072799,3.189357999999936,3.9113423514902297,4.03323538809531,-0.8880068515825692,0.8918354527466616,0.5754923185878422,0.4459177263733308,0.4459177263733308,-0.038461538461538436,13,12
c1_tbr_slope,g2_smaller,-0.0015318105868781275,-0.0005867673723191319,-0.0011321653702825731,-0.0010710913159134759,0.00039964521659555433,0.9349733548351885,0.46748667741759425,0.5540822736266692,0.46748667741759425,0.02564102564102555,13,12
c1_tbr_leQ25_total_time_focus_s,g2_larger,97.97402523077189,93.72876799999824,95.58494316666781,99.75483000000085,-2.3890820641040733,0.9349733548351885,0.5540822736266692,0.46748667741759425,0.46748667741759425,-0.02564102564102566,13,12
d_tbr_geQ67_mean_gap_s,g2_smaller,2.466961195256995,0.4793095635934126,7.599286711494707,2.104169420655932,5.132325516237712,0.9537991725415175,0.47689958627075874,0.546123439213902,0.47689958627075874,0.020979020979021046,13,11
c1_tbr_leQ50_first_reach_s,g2_smaller,44.928736384613984,4.002647000000016,49.542264083333485,4.9364139999999805,4.613527698719501,0.97815558393493,0.489077791967465,0.5327339016561614,0.489077791967465,0.012820512820512775,13,12
c1_tbr_trend_r,g2_smaller,-0.15694131728088723,-0.08351169718622281,-0.15612125480548286,-0.17110469496255823,0.0008200624754043651,0.9783030753359442,0.4891515376679721,0.5325133225824058,0.4891515376679721,0.012820512820512775,13,12
c1_tbr_leQ25_max_sustain_s,g2_larger,17.657309384616035,12.980073999996435,18.046498666667826,13.98228150000034,0.3891892820517917,0.9783030753359442,0.5325133225824058,0.4891515376679721,0.4891515376679721,-0.012820512820512775,13,12
c2_tbr_leQ33_mean_gap_s,g2_smaller,10.884632557558412,7.681625291666598,12.847340013874849,7.527119030303104,1.962707456316437,1.0,0.5,0.5266208035401421,0.5,0.008547008547008517,13,9
c2_tbr_geQ67_mean_sustain_s,g2_larger,4.905933317668957,3.471838277777911,32.00228883878274,4.290872365385094,27.096355521113782,1.0,0.5231004137292412,0.5,0.5,-0.006993006993006978,13,11
d_tbr_leQ50_median_gap_s,g2_smaller,0.4150395769236583,-0.03251149999911007,0.061690222222707466,0.013582500000154596,-0.3533493547009508,1.0,0.5,0.5266208035401421,0.5,0.008547008547008517,13,9
c2_tbr_geQ67_mean_gap_s,g2_smaller,9.088930455445485,8.187442196721147,15.333362833386076,10.129167191489403,6.244432377940591,1.0,0.5,0.5231004137292412,0.5,0.006993006993007089,13,11
c1_tbr_min,g2_smaller,0.3089873030384363,0.3000710923040228,0.34733312068905353,0.2882648613295344,0.03834581765061723,1.0,0.5108484623320279,0.5108484623320279,0.5108484623320279,0.0,13,12
c1_tbr_leQ25_mean_sustain_s,g2_larger,5.471291037312586,2.729046235294124,3.6855119027287984,3.3412338481646535,-1.7857791345837875,1.0,0.5108484623320279,0.5108484623320279,0.5108484623320279,0.0,13,12
c1_tbr_geQ67_median_gap_s,g2_smaller,4.00253815384619,3.9971630000000005,4.339381541666719,4.233222500000132,0.3368433878205286,1.0,0.5108484623320279,0.5108484623320279,0.5108484623320279,0.0,13,12
c1_tbr_geQ67_median_sustain_s,g2_larger,2.3790181153846217,1.9987410000002797,2.4174277916665914,1.9989494999997959,0.038409676281969674,1.0,0.5108484623320279,0.5108484623320279,0.5108484623320279,0.0,13,12
c1_tbr_leQ25_first_reach_s,g2_smaller,97.13353915384597,27.921506999999394,93.67782075000002,22.871305499999785,-3.4557184038459496,1.0,0.5216930721469171,0.5,0.5216930721469171,-0.0064102564102563875,13,12
d_tbr_min,g2_smaller,-0.06205739853309547,-0.016241079198591496,-0.042867945171008844,-0.03795507393803994,0.019189453362086627,0.9783030753359442,0.5325133225824058,0.4891515376679721,0.5325133225824058,-0.012820512820512775,13,12
c2_tbr_leQ25_median_gap_s,g2_smaller,6.647430458333633,4.493127000000257,7.643916055556275,4.989547999999786,0.9964855972226419,0.9716543717925432,0.5424469827897471,0.4858271858962716,0.5424469827897471,-0.01851851851851849,12,9
c1_tbr_leQ25_eps_per_min,g2_larger,5.116202925701937,5.427835847086996,5.264305976806409,4.868031243630625,0.14810305110447253,0.9349733548351885,0.46748667741759425,0.5540822736266692,0.5540822736266692,0.02564102564102555,13,12
c1_tbr_leQ25_n_episodes,g2_larger,50.30769230769231,53.0,51.25,47.5,0.9423076923076934,0.8488717260004095,0.42443586300020475,0.5967731105051989,0.5967731105051989,0.05128205128205132,13,12
c2_tbr_leQ33_median_gap_s,g2_smaller,7.664474500001076,3.994679999998567,6.991392722222547,4.986034999999163,-0.6730817777785294,0.8412192411771064,0.6053086224833714,0.4206096205885532,0.6053086224833714,-0.05982905982905984,13,9
c2_tbr_geQ67_max_sustain_s,g2_larger,34.14909246153884,12.855935999998678,61.66060636363636,16.975456000000747,27.51151390209752,0.8167351582026614,0.4083675791013307,0.6139705151246326,0.6139705151246326,0.06293706293706292,13,11
c1_tbr_leQ33_first_reach_s,g2_smaller,53.37587869230641,4.002647000000016,84.61767108333326,13.431353499999688,31.241792391026856,0.805903159721058,0.6180326442746145,0.402951579860529,0.6180326442746145,-0.0641025641025641,13,12
d_tbr_leQ25_mean_gap_s,g2_smaller,2.157529748998439,0.7999764488039585,4.7273480953160005,1.4895013584905517,2.5698183463175615,0.803566416196146,0.6254404334997024,0.401783208098073,0.6254404334997024,-0.07407407407407407,12,9
d_tbr_leQ33_mean_gap_s,g2_smaller,3.606670073453953,1.064715146825316,6.226467724193802,2.272452499281555,2.6197976507398493,0.7893827550332574,0.6307688232507087,0.3946913775166287,0.6307688232507087,-0.07692307692307687,13,9
c1_tbr_leQ33_eps_per_min,g2_larger,5.979321705981197,6.759191809580033,5.862425829701685,5.21874680342201,-0.11689587627951159,0.7648175395839272,0.3824087697919636,0.6381631950841185,0.6381631950841185,0.07692307692307687,13,12
c2_tbr_leQ50_mean_gap_s,g2_smaller,5.911409897685858,4.849458714285648,6.888095708447297,4.612456750000128,0.9766858107614391,0.7384623534985825,0.6556678376158533,0.36923117674929123,0.6556678376158533,-0.09401709401709402,13,9
c2_tbr_trend_r,g2_smaller,-0.28436333009274173,-0.3117048938846138,-0.20224291767726454,-0.2528032957299521,0.08212041241547718,0.7236736098317631,0.6583434206414099,0.36183680491588155,0.6583434206414099,-0.08974358974358976,13,12
c1_tbr_max,g2_smaller,30.81890030663567,11.047572142938067,24.885948837919983,14.552347465522187,-5.932951468715686,0.7236736098317631,0.6583434206414099,0.36183680491588155,0.6583434206414099,-0.08974358974358976,13,12
c1_tbr_leQ33_n_episodes,g2_larger,58.76923076923077,66.0,57.083333333333336,51.0,-1.6858974358974308,0.7234695352738265,0.36173476763691326,0.6584587408934164,0.6584587408934164,0.08974358974358965,13,12
c2_tbr_geQ67_median_gap_s,g2_smaller,4.222271615384778,3.5104230000002588,5.336796363636477,3.9895329999999554,1.1145247482516991,0.6850689949718154,0.6784942578007245,0.3425344974859077,0.6784942578007245,-0.1048951048951049,13,11
c1_tbr_geQ67_first_reach_s,g2_smaller,3.434749230769223,0.0,5.067649833333324,0.4907034999999995,1.6329006025641015,0.653334990377068,0.6946303857780438,0.326667495188534,0.6946303857780438,-0.10256410256410253,13,12
c1_tbr_leQ25_median_sustain_s,g2_larger,4.105514769230745,1.9877374999997528,1.8371597083334745,1.987808500000014,-2.268355060897271,0.6438382008132897,0.32191910040664484,0.6973283303317466,0.6973283303317466,0.11538461538461542,13,12
d_tbr_leQ25_median_gap_s,g2_smaller,1.7686859166663123,0.23069250000082775,2.5477840000007856,0.5045610000005354,0.7790980833344734,0.6441280160472187,0.7029838297004792,0.32206400802360935,0.7029838297004792,-0.12962962962962965,12,9
d_tbr_geQ67_mean_sustain_s,g2_larger,1.2027878273845296,0.3324546307976508,27.407651980890684,-1.171697435770977,26.204864153506154,0.602068013998415,0.3010340069992075,0.7188286974104274,0.7188286974104274,0.13286713286713292,13,11
c2_tbr_leQ25_mean_gap_s,g2_smaller,10.012785170426575,7.926440293103986,13.445896938841342,11.18142924390356,3.4331117684147667,0.5940323405990415,0.7271010146953929,0.29701617029952077,0.7271010146953929,-0.14814814814814814,12,9
c2_tbr_geQ67_prop_focus,g2_larger,0.369630746799908,0.3384615384615385,0.3762801649075771,0.24019141285956008,0.006649418107669114,0.5679151111448195,0.28395755557240976,0.7341842789890765,0.7341842789890765,0.14102564102564097,13,12
d_tbr_trend_r,g2_smaller,-0.12742201281185456,-0.2112649810760301,-0.046121662871781745,-0.044771775261543724,0.08130034994007282,0.5679151111448195,0.7341842789890765,0.28395755557240976,0.7341842789890765,-0.14102564102564108,13,12
d_tbr_geQ67_prop_focus,g2_larger,0.03915131445879523,0.008529565672422856,0.045978740920155005,-0.09000237537848915,0.006827426461359774,0.5679151111448195,0.28395755557240976,0.7341842789890765,0.7341842789890765,0.14102564102564097,13,12
c1_tbr_leQ50_mean_gap_s,g2_smaller,4.900439032393934,4.649619231707527,5.682007710470027,4.813213025322275,0.7815686780760931,0.5679151111448195,0.7341842789890765,0.28395755557240976,0.7341842789890765,-0.14102564102564108,13,12
c2_tbr_geQ67_total_time_focus_s,g2_larger,164.951492000002,149.78259000000142,188.10112583333515,98.59959250000227,23.149633833333155,0.5679151111448195,0.28395755557240976,0.7341842789890765,0.7341842789890765,0.14102564102564097,13,12
d_tbr_geQ67_median_gap_s,g2_smaller,0.21973346153858678,-0.001878999999178177,1.0538766818182255,0.6585180000003845,0.8341432202796387,0.562342605179145,0.7380359275412394,0.2811713025895725,0.7380359275412394,-0.14685314685314688,13,11
d_tbr_leQ50_median_sustain_s,g2_larger,0.32820796153802906,0.4968384999998321,58.26150069999975,-0.009526000000207091,57.933292738461724,0.5557506005798083,0.27787530028990415,0.7425356109026789,0.7425356109026789,0.15384615384615374,13,10
d_tbr_geQ67_total_time_focus_s,g2_larger,29.172612538459354,26.992916999999025,47.23198741666775,-56.821970999996694,18.059374878208395,0.5316314420218472,0.2658157210109236,0.7517193913593283,0.7517193913593283,0.15384615384615374,13,12
c2_tbr_min,g2_smaller,0.24692990450534086,0.2845699557589941,0.3044651755180447,0.29675745503339185,0.05753527101270384,0.5316314420218472,0.7517193913593283,0.2658157210109236,0.7517193913593283,-0.15384615384615385,13,12
d_tbr_geQ67_max_sustain_s,g2_larger,17.250910153845947,2.977313999999467,30.019331909091026,-6.843581000000711,12.768421755245079,0.48690581626049245,0.24345290813024623,0.7743276491464581,0.7743276491464581,0.1748251748251748,13,11
d_tbr_leQ33_median_gap_s,g2_smaller,2.7932747692317736,0.007254000000923355,2.8341247777780585,1.0045104999990713,0.040850008546284844,0.4626083472826239,0.7885316180704717,0.23130417364131195,0.7885316180704717,-0.19658119658119655,13,9
c1_tbr_leQ50_median_sustain_s,g2_larger,3.1237801923082076,2.4999310000004016,4.492138833333557,2.007415999999921,1.368358641025349,0.4302896916456853,0.21514484582284266,0.8004106241736069,0.8004106241736069,0.1923076923076923,13,12
c1_tbr_geQ67_mean_gap_s,g2_smaller,6.621969260188489,6.501286171428583,7.557422625789992,7.096724039554626,0.9354533656015027,0.36946194274750377,0.8294196866647126,0.18473097137375188,0.8294196866647126,-0.21794871794871795,13,12
c1_tbr_leQ50_eps_per_min,g2_larger,6.6670482791181165,7.852952905755191,5.605526351167884,5.471671957743798,-1.0615219279502321,0.31428698551892353,0.15714349275946177,0.8555778168267576,0.8555778168267576,0.2435897435897436,13,12
c1_tbr_geQ67_eps_per_min,g2_larger,6.088264868990006,6.613012973267529,5.398889077130296,5.776943800932563,-0.6893757918597094,0.31428698551892353,0.15714349275946177,0.8555778168267576,0.8555778168267576,0.2435897435897436,13,12
d_tbr_geQ67_eps_per_min,g2_larger,-0.7142967012310201,-0.7623514690134039,-2.03032024077497,-1.7367933818559842,-1.31602353954395,0.31428698551892353,0.15714349275946177,0.8555778168267576,0.8555778168267576,0.2435897435897436,13,12
d_tbr_geQ67_n_episodes,g2_larger,-7.076923076923077,-7.0,-19.75,-17.0,-12.673076923076923,0.3012009285406094,0.1506004642703047,0.8617631898918224,0.8617631898918224,0.25,13,12
c1_tbr_leQ50_n_episodes,g2_larger,65.53846153846153,76.0,54.583333333333336,53.5,-10.955128205128197,0.2760110449682669,0.13800552248413345,0.8736446664799371,0.8736446664799371,0.2628205128205128,13,12
c1_tbr_geQ67_n_episodes,g2_larger,59.84615384615385,64.0,52.583333333333336,56.5,-7.262820512820511,0.2528021413002973,0.12640107065014866,0.884546431802275,0.884546431802275,0.27564102564102555,13,12
d_tbr_leQ50_n_episodes,g2_larger,-8.76923076923077,-3.0,-23.083333333333332,-20.0,-14.314102564102562,0.2528021413002973,0.12640107065014866,0.884546431802275,0.884546431802275,0.27564102564102555,13,12
d_tbr_leQ50_eps_per_min,g2_larger,-0.886049731395209,-0.28370261920734485,-2.374340770653967,-1.9826734158259205,-1.4882910392587578,0.22101309719361817,0.11050654859680908,0.8994160918483949,0.8994160918483949,0.29487179487179493,13,12
c1_tbr_geQ67_prop_focus,g2_larger,0.3304794323411127,0.3305084745762712,0.33030142398742207,0.3304867447667499,-0.0001780083536906396,0.14711472722706648,0.07355736361353324,0.9337746722597307,0.9337746722597307,0.34615384615384626,13,12
c1_tbr_leQ33_prop_focus,g2_larger,0.3304794323411127,0.3305084745762712,0.33030142398742207,0.3304867447667499,-0.0001780083536906396,0.14711472722706648,0.07355736361353324,0.9337746722597307,0.9337746722597307,0.34615384615384626,13,12
d_tbr_leQ25_eps_per_min,g2_larger,-0.8323294217571312,-0.6493943698595874,-2.6202536201992443,-2.2827096559983406,-1.7879241984421133,0.10858440161427453,0.054292200807137266,0.9514402191582986,0.9514402191582986,0.3846153846153846,13,12
c2_tbr_slope,g2_smaller,-0.0041904751220864424,-0.0020789038011662423,-0.0007022206067162502,-0.000590719838489257,0.0034882545153701924,0.10858440161427453,0.9514402191582986,0.054292200807137266,0.9514402191582986,-0.3846153846153846,13,12
c2_tbr_leQ25_eps_per_min,g2_larger,4.283873503944806,4.629325040362436,2.644052356607165,2.485968665165567,-1.6398211473376407,0.10851644554794727,0.05425822277397364,0.9514723647775885,0.9514723647775885,0.3846153846153846,13,12
d_tbr_leQ25_n_episodes,g2_larger,-8.307692307692308,-7.0,-25.5,-22.0,-17.192307692307693,0.09699097615460094,0.04849548807730047,0.9567387126808823,0.9567387126808823,0.39743589743589736,13,12
d_tbr_slope,g2_smaller,-0.002658664535208315,-0.0009924863279482834,0.00042994476356632283,0.0011437695319161025,0.003088609298774638,0.08664373365473696,0.9614500641282292,0.04332186682736848,0.9614500641282292,-0.41025641025641024,13,12
c2_tbr_leQ25_n_episodes,g2_larger,42.0,45.0,25.75,24.0,-16.25,0.08134787719536761,0.040673938597683805,0.963862704466943,0.963862704466943,0.41666666666666674,13,12
c2_tbr_geQ67_eps_per_min,g2_larger,5.373968167758987,5.198825664114236,3.3685688363553266,2.854106556413265,-2.0053993314036602,0.05348979986738018,0.02674489993369009,0.9764465755626234,0.9764465755626234,0.46153846153846145,13,12
c2_tbr_geQ67_n_episodes,g2_larger,52.76923076923077,51.0,32.833333333333336,27.5,-19.93589743589743,0.05330614593509466,0.02665307296754733,0.9765314433570927,0.9765314433570927,0.46153846153846145,13,12
d_tbr_leQ33_eps_per_min,g2_larger,-0.6880269491058052,-0.6240244810119382,-3.0817412385991805,-2.815881161176446,-2.393714289493375,0.04137711560838741,0.020688557804193704,0.9818755290130785,0.9818755290130785,0.4871794871794872,13,12
d_tbr_leQ33_n_episodes,g2_larger,-6.846153846153846,-6.0,-30.0,-28.0,-23.153846153846153,0.038666083007855956,0.019333041503927978,0.9830868701474086,0.9830868701474086,0.4935897435897436,13,12
c2_tbr_leQ50_eps_per_min,g2_larger,5.780998547722907,5.712903560824738,3.231185580513916,3.439046109574591,-2.5498129672089913,0.03621308171077602,0.01810654085538801,0.9841800274887154,0.9841800274887154,0.5,13,12
c2_tbr_leQ50_n_episodes,g2_larger,56.76923076923077,56.0,31.5,33.5,-25.269230769230766,0.029326604543092907,0.014663302271546453,0.987243482665394,0.987243482665394,0.5192307692307692,13,12
c2_tbr_leQ33_n_episodes,g2_larger,51.92307692307692,58.0,27.083333333333332,24.5,-24.839743589743588,0.019271238387318743,0.009635619193659371,0.991682254049557,0.991682254049557,0.5576923076923077,13,12
c2_tbr_leQ33_eps_per_min,g2_larger,5.291294756875392,5.966685607578251,2.780684591102505,2.538241738319714,-2.510610165772887,0.017955077517354427,0.008977538758677213,0.9922599226633975,0.9922599226633975,0.5641025641025641,13,12
