calibration time (s),calibration tbr,calibration nai,condition 1 time (s),condition 1 tbr,condition 1 nai,condition 2 time (s),condition 2 tbr,condition 2 nai
2.0062159999999998,48.590317882704134,0.0,2.0170909999999993,48.57852099656347,0.0,2.01147,35.82043663055362,0.0
2.9897010000000033,40.84123528502252,0.0,3.1308509999999985,38.662263692940186,0.0,3.011941999999999,41.91049783894234,0.0
3.980177000000003,19.9499273218232,0.0,4.0082179999999985,22.231716687114012,0.0,4.011869000000001,31.256820398011712,0.0
4.974743000000007,12.21815101559346,0.0,5.001913,36.93182355338226,0.0,5.002838999999997,27.259888757996226,0.0
5.978502000000006,4.792495772940676,0.0,6.004849,33.34976828231543,0.0,6.0181489999999975,6.602138256854505,0.0
6.972494000000006,2.4275004139038883,0.0,7.002621000000006,3.5734186169085107,0.0,7.010527000000003,2.7823042112046976,0.0
7.974199000000021,0.8166907060895058,0.0,8.007710000000005,1.3590768862922769,0.0,7.995929000000003,1.2604703667038273,0.0
8.964315000000022,0.7153341908990167,0.0,9.003555000000016,0.6433746174948387,0.0,8.993468000000023,1.4837511488050066,0.0
9.961906000000024,17.741114182239706,0.0,9.99265800000001,0.7884551022492162,0.0,9.993233000000028,1.5730820460774213,0.0
10.976216000000043,14.401158317853945,0.0,11.00464800000002,0.9471552009795904,0.0,10.988974000000047,1.4370570414946071,0.0
11.964204000000057,1.0292191697586073,0.0,12.000642000000028,0.8147372280674571,0.0,11.988217000000054,1.451053842347546,0.0
12.96133900000006,0.049375432970542386,0.9999999999999999,13.004416000000035,0.680718965326253,0.0,13.01034300000006,3.8202173019180585,0.0
13.954563000000082,0.05654030402774056,0.9999999999999999,13.980284000000026,0.6038119925597196,0.0,13.977302000000066,4.859656467152663,0.0
14.963184000000085,0.37023124017211345,0.06250000000000001,15.00677400000004,0.510194692976905,0.0,14.981569000000064,27.02840278854726,0.0
15.951436000000099,1.4394446605767293,0.0,15.976436000000039,1.1545754295701065,0.0,15.974009000000075,53.30625517829535,0.0
16.948858000000087,0.8483642969444881,0.0,16.972195000000028,1.578009582997319,0.0,16.972174000000045,43.03409589396398,0.0
17.957864000000058,0.7019181250707087,0.0,17.98386799999998,1.529899900554783,0.0,17.97554900000004,1.049079354951546,0.0
18.949177000000002,0.5542745231880952,0.0,18.98170399999995,0.9154776217250918,0.0,18.972864,0.6117396115397669,0.0
19.94754799999996,0.49417350496430384,0.0,19.976870999999896,1.2228751486690386,0.0,19.973848999999962,0.6622068523600745,0.0
20.99264799999993,0.7221350085548561,0.0,20.97288099999986,2.033646176682849,0.0,20.97458799999994,0.8072387123160153,0.0
21.93704799999992,0.6700642689740116,0.0,21.972947999999842,1.1768100450717074,0.0,21.967737999999915,0.9262942159035289,0.0
22.940961999999878,0.5924197653542086,0.0,22.969200999999828,0.7585470401530293,0.0,22.966244999999883,0.6843141472459552,0.0
23.943858999999847,0.835429369398217,0.0,23.992581999999807,1.131555082597925,0.0,23.965592999999846,1.0559851953898436,0.0
24.938575999999816,0.712172147940178,0.0,24.96944499999975,0.6048651160167956,0.0,24.9628699999998,2.2263253485939676,0.0
25.92643699999977,0.6218086402542237,0.0,25.967332999999734,0.41330130897507245,0.037500000000000026,25.96043499999976,1.9205851693354905,0.0
26.93110199999975,0.4753012751284812,0.0,26.962765999999707,0.7540541394218955,0.0,26.9569179999997,1.6315273125889724,0.0
27.92796699999971,0.39175657253526425,0.04687499999999999,27.95745699999969,1.0266255247307794,0.0,27.953471999999678,1.6487646784778454,0.0
28.92749999999968,0.32518301203711275,0.12812499999999993,28.95142099999967,1.728567659650797,0.0,28.948371999999612,0.8775345818823913,0.0
29.92024899999965,0.6522780717068498,0.0,29.955974999999647,1.2398835308175775,0.0,29.956608999999585,1.0122917026861311,0.0
30.933721999999605,1.0087531734459927,0.0,30.955731999999628,0.6021967964483235,0.0,30.95063199999955,1.2728571394529997,0.0
31.922631999999563,0.9096272985823362,0.0,31.963482999999588,0.47633995159592,0.0,31.9540179999995,2.169345701880489,0.0
32.91909599999958,0.8453410825890889,0.0,32.951164999999556,0.4007753870453836,0.040625000000000015,32.956873999999445,2.4096637075238103,0.0
33.915481999999656,0.7541433994922974,0.0,33.94608499999959,0.4146995086698115,0.037500000000000026,33.94752399999943,1.1407398765769163,0.0
34.90982099999971,0.8125311604213004,0.0,34.9409539999996,0.37312718777819304,0.06250000000000001,34.93977299999945,0.5634734177973385,0.0
35.9318889999997,0.5045750987846991,0.0,35.933134999999645,0.4871973977886634,0.0,35.93894899999952,0.8361641275471338,0.0
36.915360999999706,0.438422368574606,0.015625000000000024,36.93917899999971,0.594897158197845,0.0,36.93482999999955,1.1410598335825755,0.0
37.9077579999997,0.7926281779825528,0.0,37.93683599999969,0.700111794162869,0.0,37.94271699999953,0.7845949836581882,0.0
38.90409199999976,1.62612140119612,0.0,38.9279839999997,0.5686725058427956,0.0,38.94244799999955,0.8494112435526903,0.0
39.908583999999806,1.319832082987815,0.0,39.944051999999694,0.7538197738154103,0.0,39.93804799999963,0.7908132252738327,0.0
40.90249199999988,0.830740304097681,0.0,40.920478999999695,1.4388171463466277,0.0,40.9242249999997,1.4610230120202106,0.0
41.89891699999995,0.7566993639535265,0.0,41.929882999999684,1.7024754425573578,0.0,41.926329999999744,1.266917223040268,0.0
42.89920799999996,0.7598822111780391,0.0,42.92082999999972,0.7463034399262647,0.0,42.92241999999976,0.7326798687633096,0.0
43.898309999999945,0.6398151709975838,0.0,43.933800999999725,0.4318984551293383,0.018750000000000013,43.91872599999981,0.45979031419482275,0.0
44.89972099999995,0.609622164759773,0.0,44.90976199999971,0.6600286105223432,0.0,44.92059899999973,0.7600689222925356,0.0
45.89062999999998,0.928568562970846,0.0,45.9164339999997,1.8701764046107725,0.0,45.9158629999997,0.9490150219470067,0.0
46.88818699999999,1.3358738584387726,0.0,46.915706999999614,1.839977296366082,0.0,46.91319699999976,1.5170997070142564,0.0
47.89837699999999,0.7859384889027053,0.0,47.91056499999957,2.045623203182196,0.0,47.91521799999974,1.6812522310156957,0.0
48.88634699999997,0.796853925803974,0.0,48.93622699999959,3.3186126474009456,0.0,48.91270399999975,0.7265365602766338,0.0
49.87819899999999,0.8961796211144704,0.0,49.900462999999604,8.277290929701431,0.0,49.914419999999744,2.0632981172584626,0.0
50.880795999999975,0.7729761461070789,0.0,50.900833999999634,9.4797312958836,0.0,50.90368999999973,6.931615892023039,0.0
51.915627000000015,0.7678788077457253,0.0,52.05548499999957,5.67448156671499,0.0,51.908606999999726,7.43213749712178,0.0
52.86845900000004,0.5191607130922964,0.0,52.901353999999614,3.7674817689301667,0.0,52.907532999999695,5.89955900740983,0.0
53.87999000000008,0.8185154188152894,0.0,53.8936959999997,3.002567934066154,0.0,53.92247699999971,4.143807618431812,0.0
54.88064500000011,1.5469529289131314,0.0,54.897338999999725,4.408064508250645,0.0,54.89990699999971,1.7640047225697315,0.0
55.87296700000014,1.586057454813255,0.0,55.89396799999976,0.92450796231842,0.0,55.89177699999971,1.1458537622698026,0.0
56.87178300000014,1.28403682827866,0.0,56.88355299999976,0.8763197630103479,0.0,56.892514999999776,0.9254550054945511,0.0
57.86365000000014,1.2373904808906564,0.0,57.89229799999975,0.7927996062156668,0.0,57.88810099999982,0.6933355609699714,0.0
58.85880000000011,1.175228635865418,0.0,58.885144999999795,0.6680023519373174,0.0,58.89192699999984,0.6756326141118142,0.0
59.863578000000125,1.1506613462391264,0.0,59.903793999999735,0.5660756525951361,0.0,59.890267999999864,0.9139028390604801,0.0
60.873062000000196,0.9941530397514645,0.0,60.882913999999744,0.6559231904947973,0.0,60.89540299999994,1.3264876122421925,0.0
61.85596800000027,0.8043827896074273,0.0,61.87279999999979,0.7684081349053552,0.0,61.88488500000002,1.0312341689749527,0.0
62.863334000000314,0.8298785127685097,0.0,62.87282199999978,0.7806474244944812,0.0,62.89844299999998,1.4168112924112397,0.0
63.84781200000034,0.6137168457443224,0.0,63.87872999999974,1.9111998989925845,0.0,63.877072,1.476997844403999,0.0
64.84911700000045,0.6423002586237291,0.0,64.88592899999976,3.223820670250418,0.0,64.881831,0.9871274042570304,0.0
65.85422700000049,0.9845090229918608,0.0,65.95388699999977,1.362581331599384,0.0,65.87707499999999,1.4211437376419152,0.0
66.85013000000059,0.8525523414235779,0.0,66.9964119999998,0.7381086100395593,0.0,66.88342600000023,1.0005290956151716,0.0
67.85637300000066,0.6593019996925111,0.0,67.89268399999996,1.9001312070779557,0.0,67.86587800000028,1.041331002140978,0.0
68.84783400000082,0.5474308112410556,0.0,68.9218649999999,1.786827491795063,0.0,68.86404500000027,1.3052053489646316,0.0
69.85116400000088,0.48799203547848813,0.0,69.86207900000004,0.6760107578344462,0.0,69.86591600000033,0.81400725479825,0.0
70.84263100000094,0.6692666786024201,0.0,70.94204400000004,0.5315647470044622,0.0,70.8720870000002,0.8850598582460627,0.0
71.83251000000094,0.9143731982712341,0.0,71.93295800000003,0.5603794909349035,0.0,71.8679600000004,0.555101818508454,0.0
72.83694200000099,0.6761738849014464,0.0,72.96657900000001,0.40847112603233493,0.037500000000000026,72.85837300000034,0.6080143814512355,0.0
73.83288000000121,0.7502384051721132,0.0,73.87272900000008,0.6386670208903988,0.0,73.86095500000043,1.0346555660751717,0.0
74.8302680000013,2.157463708479802,0.0,74.84110500000003,0.6556381032093457,0.0,74.85393000000042,0.8231167513233713,0.0
75.83684300000135,3.6840103169001,0.0,75.86375300000009,0.7902927704050612,0.0,75.85256800000047,0.9499732996913545,0.0
76.8301330000013,4.901410289947371,0.0,76.85417500000005,1.1085588606241703,0.0,76.85394700000053,0.7606273719009669,0.0
77.82924200000136,2.0590705209886364,0.0,77.8367240000002,0.8682032055865583,0.0,77.85547900000066,1.8688259094025708,0.0
78.84451800000141,1.6708668780347373,0.0,78.83663400000026,0.5259249995062127,0.0,78.8699440000007,4.711744755162975,0.0
79.82111400000137,1.1956162636041112,0.0,79.85466000000027,0.7223147752308816,0.0,79.85749300000072,1.9832748903639923,0.0
80.82296900000135,1.5293609774504044,0.0,80.88148200000023,0.9514798115360541,0.0,80.84617900000082,0.5309491761553574,0.0
81.81290100000143,1.27353763386819,0.0,81.84818400000034,0.6473389890826431,0.0,81.8562530000008,0.42642512111371617,0.018750000000000013
82.82437000000145,0.7137461314864795,0.0,82.84112100000056,1.00968859819712,0.0,82.84030700000089,0.5520295389175698,0.0
83.81475500000157,0.6207060725854547,0.0,83.86113200000064,0.9010848613057225,0.0,83.83877900000093,0.7509028394665342,0.0
84.80550200000165,0.6831901219705112,0.0,84.83304200000065,0.6430874091673604,0.0,84.843231000001,1.105267602433446,0.0
85.83301900000173,1.1465773424618613,0.0,85.89369700000061,0.9059754091662904,0.0,85.83814000000109,0.9025365504084036,0.0
86.80702500000173,1.3775661947394602,0.0,86.83994300000079,0.850543849260104,0.0,86.83014400000118,1.1543386137271443,0.0
87.80050800000188,1.2537706200664867,0.0,87.95351900000095,0.6861771589728615,0.0,87.8421170000013,1.1441163744722855,0.0
88.80707800000184,4.549799734668897,0.0,88.87530700000102,1.0600657843013732,0.0,88.82591800000144,0.544437785434032,0.0
89.79782900000181,9.38614478629183,0.0,89.89292700000107,1.1179855868791864,0.0,89.82244000000148,0.4092597548116686,0.037500000000000026
90.80309500000182,7.198070815222012,0.0,90.89978700000113,1.0351678833553128,0.0,90.83030000000154,0.5734083612270345,0.0
91.80102800000176,4.817703108164099,0.0,91.90851400000136,1.2108729256838098,0.0,91.83010400000157,0.7032689830803763,0.0
92.79907100000179,3.183836717239837,0.0,92.83366200000148,0.9779996359646151,0.0,92.81664500000161,0.7448889998655773,0.0
93.78886300000192,3.1281280573589054,0.0,93.85453800000153,0.7474570565179137,0.0,93.81577300000171,0.7062215427406867,0.0
94.80877500000199,0.9226574356418749,0.0,94.81202700000159,0.7607051617982018,0.0,94.81624300000179,0.9085999451472597,0.0
95.78536500000212,1.2689771557910017,0.0,95.82328100000159,0.6895552975967149,0.0,95.80867100000184,1.179463594067866,0.0
96.78465900000218,2.4007785683113894,0.0,96.78610800000156,0.5472631723306423,0.0,96.8105090000018,0.9960741302886623,0.0
97.78460900000222,2.246632510894211,0.0,97.80503100000153,0.4367955628577404,0.018750000000000013,97.80801800000182,2.3132301533916224,0.0
98.78421500000222,1.2911021261692646,0.0,98.8223920000016,0.6199173310176691,0.0,98.81043900000186,1.2484191551639738,0.0
99.78449400000223,1.1657560873366835,0.0,99.78914000000158,0.5688678694772534,0.0,99.801300000002,0.8158685174106638,0.0
100.78357900000229,0.722324517113759,0.0,100.81366400000164,0.5780873720977897,0.0,100.80932800000214,0.7019408239044841,0.0
101.7788500000024,0.7922384067270557,0.0,101.8455100000017,2.4524279433404934,0.0,101.8014150000022,0.9305597730274213,0.0
102.78829800000237,1.1513310933467171,0.0,103.03018000000165,2.3632725001456456,0.0,102.79728600000239,1.1995829982106543,0.0
103.78563100000245,1.6003633254533096,0.0,103.91372900000158,1.6376510789124081,0.0,103.81997100000252,1.1699850478348761,0.0
104.77120700000242,3.2247442404205158,0.0,104.85336800000162,0.7329104764552089,0.0,104.7915890000026,1.515453248828133,0.0
105.77660400000245,1.5283464217121294,0.0,105.76965500000163,0.79059374220277,0.0,105.7912390000026,1.0913104699480105,0.0
106.77590800000246,1.180416260957856,0.0,106.81943000000159,1.4143833807663513,0.0,106.79440600000265,0.9582232246395823,0.0
107.76890300000251,1.977990467877241,0.0,107.76272700000166,1.6685073728885582,0.0,107.78591600000274,1.132675919780041,0.0
108.77038100000257,1.5042802723944007,0.0,108.76918200000168,2.0899534391651926,0.0,108.78159400000294,1.4599158798880572,0.0
109.76529800000263,0.9448463394331097,0.0,109.80565300000166,1.9775965839243355,0.0,109.78508500000297,1.07958903960004,0.0
110.78170100000273,1.3831136375321098,0.0,110.79810100000168,1.090237277162047,0.0,110.78179400000288,1.3061813135372442,0.0
111.76065700000285,2.2547805721562755,0.0,111.89068100000169,1.4951757844437008,0.0,111.7769180000028,1.693458993047406,0.0
112.75545000000297,2.4275010533519366,0.0,112.88157800000168,1.547614282933716,0.0,112.78044800000279,1.293267749258829,0.0
113.75419400000301,1.750297061489868,0.0,113.86042500000163,1.5940666742742862,0.0,113.77352500000292,1.5085806276676157,0.0
114.75301600000309,1.1608723867799087,0.0,114.89728600000169,3.6015837552451493,0.0,114.76735500000296,1.2121892097089295,0.0
115.75345500000314,2.6573287310651237,0.0,115.87661000000175,24.54206121428051,0.0,115.77407200000299,1.3391080182674397,0.0
116.75594100000326,3.6134463781790247,0.0,116.88344700000172,37.647999788886366,0.0,116.762577000003,0.9902250997593489,0.0
117.74580200000334,1.6810101399283193,0.0,117.87453900000173,29.368407088576685,0.0,117.76170000000293,0.957553636425671,0.0
118.74651500000343,1.9882583067054327,0.0,118.87780500000181,9.936975802700266,0.0,118.77687100000294,1.1458644254743504,0.0
119.74655400000353,1.4127448532378808,0.0,119.8820700000019,1.8666792059547597,0.0,119.78143500000306,0.828129460281502,0.0
120.74343800000355,1.0956259901428373,0.0,120.86142100000184,1.7620469539138328,0.0,120.7543780000031,0.783174574078542,0.0
121.74347500000358,1.451390937461308,0.0,121.85034400000184,2.4240878245622315,0.0,121.7548240000032,0.7827985703121325,0.0
122.7373230000036,0.9091534264829663,0.0,122.84938000000189,1.959104401490459,0.0,122.75595200000332,0.9810989029189863,0.0
123.73814300000353,1.5582697746987124,0.0,123.8440150000019,1.088335783882303,0.0,123.75612000000329,1.0987551144526446,0.0
124.73264100000358,2.067200495643136,0.0,124.83000600000182,0.8586031560977136,0.0,124.75378800000334,1.07629356002228,0.0
125.73204600000358,1.0152513833766061,0.0,125.82762700000193,0.9115059610812397,0.0,125.75292000000339,0.595305578373992,0.0
126.7318680000037,1.0406335678752285,0.0,126.83369400000197,1.153821215873556,0.0,126.7555340000033,1.447682792306439,0.0
127.73179900000372,0.8455612100473832,0.0,127.82249500000198,1.0033287959326616,0.0,127.74444200000337,12.112816313208867,0.0
128.72285600000382,1.327256941159592,0.0,128.86539100000192,1.0779348356482703,0.0,128.74150600000343,32.7165606561508,0.0
129.72208700000385,1.3466368416422396,0.0,129.87186300000204,1.2598159530739168,0.0,129.74341800000343,40.92105403262331,0.0
130.720866000004,1.747586930785565,0.0,130.81722500000208,1.5481974975385375,0.0,130.7520520000035,23.672550413211535,0.0
131.71676200000397,1.3112236830691604,0.0,131.81533700000205,1.6482713102781774,0.0,131.7379910000034,2.04722322097071,0.0
132.71939300000423,1.491537651073639,0.0,132.81354800000196,2.1032399078516018,0.0,132.72678200000325,1.8549673144064573,0.0
133.71633800000438,2.203712524332342,0.0,133.87908700000193,2.3024167532066224,0.0,133.7247540000032,1.6476220923905538,0.0
134.7142100000043,2.2734075724493423,0.0,134.804990000002,1.1283922661340249,0.0,134.7270360000032,1.401340387894921,0.0
135.7336710000043,1.7782656495424014,0.0,135.82341800000208,0.8744374097308201,0.0,135.726300000003,1.3103675994366522,0.0
136.71008900000405,1.0369457976545084,0.0,136.80659200000218,0.9941860723255806,0.0,136.72630700000278,0.9611923703833231,0.0
137.70292200000424,0.7582694470903307,0.0,137.81398100000214,1.2003124998268184,0.0,137.7137010000025,1.6545917762323212,0.0
138.70641000000424,0.9608039895345545,0.0,138.80737500000242,0.7788039963457697,0.0,138.71172400000242,2.2488398207796325,0.0
139.7033800000042,1.1601352934137958,0.0,139.8018060000022,0.8350304027971548,0.0,139.7131730000023,1.0735641557560947,0.0
140.70417200000392,1.0176639290030178,0.0,140.79512000000216,1.0802336349704562,0.0,140.7133700000022,1.3153979620983702,0.0
141.69921900000392,2.1898395229711136,0.0,141.79600900000204,1.1956916756969143,0.0,141.705843000002,0.8945307386849912,0.0
142.69809200000373,2.7090102671086127,0.0,142.790115000002,1.4380036024999243,0.0,142.71101700000196,0.7257538969877894,0.0
143.68945700000367,1.5684160696883869,0.0,143.79293000000214,1.1753224804272497,0.0,143.71028800000187,0.9005122475199654,0.0
144.70637700000384,0.973243331661187,0.0,144.79002100000207,1.3167624501210384,0.0,144.72196900000188,1.7213002744010149,0.0
145.68628900000408,0.8046717011375303,0.0,145.79675300000181,0.9576017894156387,0.0,145.70648000000176,1.7454395709862092,0.0
146.6943090000041,0.6976951322125311,0.0,146.78064400000153,1.8084038711699895,0.0,146.69865400000177,5.961716748343533,0.0
147.68472500000405,0.2833354557146598,0.20833333333333331,147.7784950000016,2.6144240941569885,0.0,147.6959750000018,8.526083142665065,0.0
148.68312700000413,0.23118137808906822,0.4027777777777777,148.77720400000157,1.1822181714613713,0.0,148.70252200000172,2.85421023371526,0.0
149.68465200000412,0.2459433320628362,0.33472222222222214,149.77730600000152,0.701874297275105,0.0,149.69207600000178,1.7134752507803257,0.0
150.67498200000432,0.21220213279382208,0.5777777777777777,150.77673300000146,1.1233921870033896,0.0,150.69720800000172,1.0185351782093295,0.0
151.68742100000432,0.198694720657624,0.6506944444444445,151.77436400000153,0.8858366998490712,0.0,151.68730300000135,0.3198200725943535,0.12812499999999993
152.67609500000418,0.18146509790646156,0.8111111111111111,152.7706380000015,0.9702685991212749,0.0,152.68501700000138,0.16655999644375216,0.94375
153.68242400000415,0.2136491238644754,0.5631944444444444,153.76120000000154,1.758837241144687,0.0,153.6819040000013,0.17133338435534942,0.9062499999999999
154.67189500000416,0.22183379824010158,0.4805555555555555,154.76591000000155,4.285766458990532,0.0,154.68374400000147,0.11797921891466716,0.9999999999999999
155.66825800000424,0.1447340261239577,0.9999999999999999,155.76058600000158,4.536687450713226,0.0,155.6813040000013,0.08330168206810826,0.9999999999999999
156.67174600000394,0.2703072329006675,0.2569444444444444,156.75955600000165,2.570751531787091,0.0,156.6785430000014,0.11099025740793125,0.9999999999999999
157.6650980000039,0.328285632513063,0.12499999999999996,157.7551960000018,2.1376018180602796,0.0,157.67085900000123,0.13270758683950037,0.9999999999999999
158.66659000000405,0.22160673737649236,0.4854166666666667,158.74782500000177,1.1163445644631067,0.0,158.67647900000105,0.25181165693867313,0.3055555555555556
159.67059600000405,0.21964288729189868,0.5048611111111111,159.75047000000197,1.7501643240514442,0.0,159.66338600000094,0.5354640950388941,0.0
160.6564710000041,0.1770363744797566,0.8624999999999999,160.76838300000193,2.065951063341331,0.0,160.66364200000098,0.6728958095745093,0.0
161.66603700000402,0.17529772176835692,0.88125,161.78049500000182,1.1210657581376438,0.0,161.66229800000107,0.28296251423120616,0.2180555555555555
162.65636100000387,0.15583316487175888,0.9999999999999999,162.74707100000163,1.174637674346025,0.0,162.662690000001,0.15248703595437146,0.9999999999999999
163.65946900000378,0.21894516583053292,0.5145833333333333,163.75911300000175,1.088976312850503,0.0,163.66159600000077,0.17678534031166884,0.8656249999999999
164.65368700000366,0.33153424744707305,0.11874999999999998,164.75465000000185,1.2368788979187026,0.0,164.65790800000084,0.2187806822734926,0.5194444444444444
165.65822600000345,0.550441895517174,0.0,165.73121800000192,1.6035844796624226,0.0,165.66105000000073,0.163583945340416,0.96875
166.65104400000357,0.26791505661858206,0.2618055555555555,166.74609200000168,1.7436437454728457,0.0,166.6542680000003,0.18063452925265108,0.8256944444444444
167.64498100000353,0.1402664639168499,0.9999999999999999,167.73120900000154,1.2432348930916564,0.0,167.65611200000006,0.17392201058744453,0.8937499999999999
168.6533310000031,0.1361570028853867,0.9999999999999999,168.74010800000167,1.6651155324504436,0.0,168.64766000000003,0.17002583037116234,0.9124999999999999
169.65424300000302,0.2908399243861695,0.17430555555555552,169.74439200000168,1.1178063138698981,0.0,169.655375,0.13960428993948473,0.9999999999999999
170.6467640000031,0.23128998611834997,0.39791666666666664,170.76989300000145,0.8933833034406385,0.0,170.65600899999993,0.10198644006432116,0.9999999999999999
171.6427450000029,0.1589975958874852,0.9999999999999999,171.72918900000167,1.1708031827499128,0.0,171.65125699999976,0.15516362908852385,0.9999999999999999
172.64319000000287,0.2454202849623787,0.33958333333333335,172.7571200000018,0.9477937167035257,0.0,172.65254499999972,0.17691660508592258,0.8656249999999999
173.63504200000298,0.4685888751063349,0.0,173.7794010000018,0.9405388950634647,0.0,173.63911499999952,0.14231215974448022,0.9999999999999999
174.63554000000286,0.3139842402772705,0.13749999999999998,174.84783500000157,0.9804677652182484,0.0,174.63823099999948,0.09554147570112673,0.9999999999999999
175.6340220000027,0.21199996425706535,0.5874999999999999,175.7598960000018,0.8230586190744533,0.0,175.63702599999928,0.09959584083053115,0.9999999999999999
176.6349600000026,0.21531719532877985,0.5534722222222223,176.71886400000164,1.1631278631482043,0.0,176.63804299999921,0.10861326259210183,0.9999999999999999
177.62685000000252,0.16288842973275644,0.9781249999999999,177.7872470000017,0.9986656721277473,0.0,177.64495299999908,0.12526221879935207,0.9999999999999999
178.6324380000023,0.15388896428435359,0.9999999999999999,178.70908100000165,1.3255064588947276,0.0,178.63717899999867,0.1974925860398326,0.6701388888888888
179.62133800000217,0.16220845926145772,0.98125,179.7649700000018,2.7486749142025486,0.0,179.6315979999985,0.1953816792963249,0.675
180.62580200000198,0.1607896096889689,0.9999999999999999,180.70534700000184,1.7773999683292965,0.0,180.63218399999835,0.18501821780672914,0.7819444444444446
181.62823000000176,0.136352331513719,0.9999999999999999,181.70138700000174,2.649498771935879,0.0,181.63040599999846,0.17397167438967887,0.8937499999999999
182.57516000000172,0.12719826761751826,0.9999999999999999,182.71088500000178,8.082793235459176,0.0,182.63098799999824,0.11493106793801093,0.9999999999999999
183.56742900000148,0.16897730291582552,0.9187499999999998,183.7421540000018,7.966668301464152,0.0,183.6339539999979,0.11165613803906424,0.9999999999999999
184.24443800000157,0.16589662169492914,0.94375,184.7325270000015,1.1086030205086335,0.0,184.62896299999767,0.25091308629773607,0.3055555555555556
185.05814100000146,0.17209729951500263,0.8999999999999999,185.7033310000015,0.7232646849277292,0.0,185.6468659999976,0.7076189189706426,0.0
185.6894150000016,0.5949840826550834,0.0,186.7637770000015,0.7431038548740895,0.0,186.6167999999975,0.6727990429079688,0.0
186.38800700000166,1.0509750994832052,0.0,187.68452900000142,1.0894243014995224,0.0,187.6182289999973,0.6886065397509672,0.0
187.14734000000186,0.448562560434707,0.006249999999999977,188.68173500000145,1.9922087712500618,0.0,188.6237099999972,2.579278775188278,0.0
187.8623160000016,0.27166985310644315,0.2520833333333333,189.68702300000143,1.3807772258305406,0.0,189.61423999999693,0.8142203464813593,0.0
188.59036500000167,0.21226268618679336,0.5680555555555555,190.67693900000154,0.9528891609292489,0.0,190.61802399999672,0.19569721800325704,0.675
189.33269900000164,0.22969971759073135,0.4173611111111112,191.67893400000125,0.9514677871579229,0.0,191.61522099999658,0.19361063151713032,0.6895833333333333
190.0691760000014,0.21719523076934025,0.5243055555555555,192.67028500000103,1.1707096536499728,0.0,192.6119919999966,0.18270969943834928,0.7916666666666667
190.74733200000153,0.25697486789170126,0.2958333333333333,193.66952700000104,1.2781807759141457,0.0,193.60588099999651,0.17231657638903508,0.8999999999999999
191.50299800000153,0.4180943400608942,0.03124999999999997,194.66408100000072,1.5040056160828523,0.0,194.61644899999635,0.2093449624219162,0.6020833333333334
192.09354700000165,0.2602233864972991,0.2909722222222222,195.68591400000085,1.0233751797641748,0.0,195.60494599999623,0.4064962298773887,0.037500000000000026
192.8631840000018,0.2453070725534644,0.34444444444444444,196.69063700000098,1.0486441403709645,0.0,196.61365499999604,0.38547290392439476,0.05624999999999996
193.710763000002,0.23598545859586723,0.37847222222222227,197.67623700000098,1.170139538827434,0.0,197.59695799999594,0.3678072686368794,0.06250000000000001
194.44312700000182,0.18985786447816771,0.7284722222222222,198.66121400000108,1.3444724761127498,0.0,198.5944439999958,0.32639189026871934,0.12812499999999993
195.09635000000196,0.2536457949308104,0.3006944444444445,199.68471100000104,1.4831174638291253,0.0,199.60276699999562,0.2977275766949601,0.16458333333333333
195.86751100000197,0.24655394861474708,0.32986111111111105,200.6595210000011,1.0951230374862304,0.0,200.5884429999956,0.38463960735471664,0.05624999999999996
196.55817900000207,0.28329733455244155,0.2131944444444444,201.70292600000118,2.300129577506177,0.0,201.5904179999957,0.31008141235705683,0.14374999999999996
197.43966400000204,0.2267040041310489,0.45138888888888895,202.74696400000136,2.7223147738554396,0.0,202.59292299999552,0.2603054878229944,0.2909722222222222
198.12156900000213,0.2892861897501097,0.18888888888888883,203.65612100000155,1.768419917033358,0.0,203.60013499999536,0.3121579743800318,0.14374999999999996
198.73787300000228,1.8577721397665392,0.0,204.66334400000179,2.8272154552181155,0.0,204.58586299999502,0.1947263600495734,0.675
199.4669110000023,6.310575720564225,0.0,205.63969200000184,3.1524407563773607,0.0,205.58323399999477,0.1571721236601108,0.9999999999999999
200.14510400000233,2.755905943236351,0.0,206.64103300000193,2.17195618052175,0.0,206.59068199999456,0.2116474395112335,0.592361111111111
201.00534500000242,0.2170311575556591,0.5291666666666667,207.67812100000168,1.1099332436051867,0.0,207.57664299999448,0.2639197940217101,0.2763888888888889
201.99384700000243,0.2629354604050626,0.2763888888888889,208.63153300000178,1.100326524263526,0.0,208.57808399999422,0.21644426341159984,0.5388888888888889
203.02267500000275,0.17647120359557752,0.8656249999999999,209.63010500000203,1.5693794414996673,0.0,209.57178499999407,0.21326237888165153,0.5680555555555555
204.02175100000255,0.15424245338570755,0.9999999999999999,210.63003200000188,1.8406804715221872,0.0,210.58667699999393,0.27594375327704135,0.2423611111111111
204.98839000000245,0.12295920121432992,0.9999999999999999,211.646390000002,1.382130377889188,0.0,211.56753999999387,0.30034866559745166,0.15972222222222224
205.99188800000235,0.14025060616933616,0.9999999999999999,212.6198930000019,1.0770449229974424,0.0,212.57249799999383,0.21766491088637438,0.5243055555555555
206.98333900000216,0.13515710636622252,0.9999999999999999,213.6172070000017,0.6379694240347612,0.0,213.56891199999376,0.20264724171516194,0.6361111111111112
207.98570200000188,0.13834706639838965,0.9999999999999999,214.6171700000017,0.9317078506925437,0.0,214.5693069999938,0.31837487593769764,0.12812499999999993
208.97527700000177,0.18592545502058458,0.7673611111111113,215.6145600000016,2.305998973469235,0.0,215.56940399999377,0.44276695518048154,0.015625000000000024
209.98570800000155,0.12953892232445538,0.9999999999999999,216.62166500000185,1.1838290350046443,0.0,216.56000899999376,0.34515283280255893,0.09999999999999996
210.97027900000174,0.1795138643508791,0.8305555555555555,217.61853500000169,1.1788869068663186,0.0,217.56108699999365,0.40153582907357604,0.040625000000000015
211.98153400000174,0.27928886931106256,0.23263888888888892,218.61877500000165,2.290653245838526,0.0,218.55890099999357,0.2870278979231939,0.19861111111111113
212.98655200000184,0.24889849442544879,0.31527777777777777,219.608003000002,2.3450995476994443,0.0,219.56510699999353,0.36727651445715775,0.06250000000000001
213.9674000000018,0.21857308672121586,0.5194444444444444,220.648450000002,1.8437461275753773,0.0,220.55296099999327,0.30960741038588385,0.14374999999999996
214.9623080000017,0.16537692589105105,0.9468749999999999,221.60768300000177,1.6786606998510853,0.0,221.55694499999322,0.2696100493700142,0.2618055555555555
215.96791500000174,0.1666568227218061,0.9406249999999999,222.604088000002,4.834886002504096,0.0,222.56052499999333,0.5583454700965202,0.0
216.96783100000192,0.16768932767037356,0.928125,223.60681300000192,44.032613841833616,0.0,223.55845199999322,0.4166548989217904,0.037500000000000026
217.96912400000178,0.18206670684333587,0.7965277777777778,224.59939600000192,62.45609940040094,0.0,224.55684399999305,0.13256516704916246,0.9999999999999999
218.95762200000186,0.1644242238913525,0.9531249999999999,225.60998200000196,21.90215461576276,0.0,225.57037799999276,0.11766481848137998,0.9999999999999999
219.95897000000176,0.19297406111353432,0.6895833333333333,226.616616000002,1.4340053704933307,0.0,226.57055299999263,0.12060149301124425,0.9999999999999999
220.96847600000166,0.1928971986381055,0.6944444444444445,227.62783800000219,1.1686480039574472,0.0,227.54597899999274,0.12176514552962538,0.9999999999999999
221.9579040000016,0.16110708724881873,0.9843749999999999,228.5997960000023,1.0214921203979206,0.0,228.58018599999278,0.11799922869364045,0.9999999999999999
222.95736400000166,0.2041628306182085,0.6118055555555556,229.5819920000023,1.1784176141142824,0.0,229.54502699999276,0.10072810212454206,0.9999999999999999
223.97879200000145,0.2239073453524742,0.46597222222222223,230.60627800000228,1.5540266931810036,0.0,230.54411599999275,0.1226747241025832,0.9999999999999999
224.94874900000138,0.3385991908242426,0.10937500000000001,231.58307500000228,2.6138757175569234,0.0,231.54673699999256,0.2077881356806927,0.6020833333333334
225.9556820000012,0.31820287761920796,0.12812499999999993,232.57521200000224,4.889588076093563,0.0,232.54370999999279,0.23296641746786112,0.39305555555555555
226.94659000000098,0.3285672656556134,0.12187499999999997,233.5755590000022,2.7553346203888145,0.0,233.53132199999274,0.28710943810846695,0.19861111111111113
227.94562900000096,0.16755227507636375,0.934375,234.5663190000022,2.0790436707350533,0.0,234.5368789999928,0.2204745198792639,0.4951388888888889
228.93661300000093,0.14392750994646375,0.9999999999999999,235.56673000000205,2.438000023309761,0.0,235.53793799999266,0.1380118106542714,0.9999999999999999
229.9410670000007,0.11388672330042184,0.9999999999999999,236.57978200000193,2.2075524288278463,0.0,236.5352199999923,0.16933763537036878,0.9187499999999998
230.9434480000005,0.36343409705924534,0.06874999999999999,237.568205000002,2.727423906723087,0.0,237.53834799999237,0.136202692817177,0.9999999999999999
231.93441100000027,0.5752280484700745,0.0,238.57204800000167,2.053234160119224,0.0,238.52980199999243,0.13379994174404516,0.9999999999999999
232.93585100000033,0.22977809998583787,0.4125000000000001,239.57578300000168,1.789067597679311,0.0,239.52529599999258,0.1722594182607679,0.8999999999999999
233.9309760000001,0.19420236715908726,0.6798611111111111,240.56233100000185,1.247402187222453,0.0,240.55695999999233,0.1403091066271303,0.9999999999999999
234.93287599999994,0.1785661383516424,0.8451388888888891,241.56191400000185,1.204304800631318,0.0,241.52199199999203,0.14403823103613084,0.9999999999999999
235.93172899999993,0.16969868407904454,0.9124999999999999,242.55455400000181,1.0572257243844698,0.0,242.5161169999918,0.11239731941948013,0.9999999999999999
236.93427999999972,0.21608879613295273,0.5388888888888889,243.54738900000189,1.224876722930784,0.0,243.51316199999184,0.15892558098215132,0.9999999999999999
237.94473799999952,0.21663742083075543,0.5340277777777778,244.54858300000194,1.1323479059778534,0.0,244.51632499999184,0.1734287618469953,0.896875
238.92378399999956,0.16432824731134155,0.9562499999999999,245.543877000002,1.447510459491527,0.0,245.52079499999184,0.17605168418956094,0.8687499999999999
239.9246819999993,0.22642844075462734,0.45625000000000004,246.54938400000222,1.563898176538437,0.0,246.5057719999918,0.23048869831869814,0.4125000000000001
240.9265909999992,0.3324545955432062,0.1125,247.56655600000195,1.2893621123057701,0.0,247.505921999992,0.16439012823455268,0.9562499999999999
241.9234799999992,0.27601913254213034,0.23750000000000002,248.53975800000177,1.954805514895684,0.0,248.50781599999192,0.12625176109884656,0.9999999999999999
242.91450099999915,0.23469604345925632,0.38333333333333336,249.52969100000146,2.205968334762032,0.0,249.5123569999918,0.22840293633395586,0.42708333333333337
243.9111689999988,0.31474482899297,0.134375,250.54706700000156,2.1063077392545426,0.0,250.50774399999167,0.36667823903729607,0.065625
244.92274399999857,0.3977802812213481,0.040625000000000015,251.5305300000014,1.8285228923148575,0.0,251.51914699999182,0.21566282620634508,0.54375
245.91514099999853,0.3481385200347462,0.090625,252.52338300000144,1.561699054484351,0.0,252.5001539999917,0.1426425805303639,0.9999999999999999
246.9302659999984,0.1868329915208842,0.7527777777777778,253.57679600000137,2.657197222419648,0.0,253.50097299999175,0.21041167948353287,0.5972222222222221
247.91102399999846,0.20305880500990553,0.6215277777777779,254.53291800000122,1.7562843245982869,0.0,254.4967049999917,0.20724594947116112,0.6020833333333334
248.91213999999826,0.16402301829490057,0.9624999999999999,255.5331680000013,1.4494878428518596,0.0,255.4982559999917,0.1757548131187315,0.8781249999999999
249.89809399999803,0.14047789505121783,0.9999999999999999,256.5388170000012,1.8951056614239572,0.0,256.4922049999915,0.14992486499335547,0.9999999999999999
250.90689399999764,0.154132789631164,0.9999999999999999,257.5558460000013,1.7776861362937124,0.0,257.49399399999135,0.14820539563908022,0.9999999999999999
251.9080449999978,0.15012864948428162,0.9999999999999999,258.52235400000114,1.6409204104190773,0.0,258.4855459999915,0.20620782601172954,0.6069444444444445
252.89643399999775,0.13853603429976272,0.9999999999999999,259.5107420000013,0.6901616137626464,0.0,259.48955699999124,0.2677357115550992,0.2666666666666667
253.90190199999776,0.19106891842051776,0.7090277777777778,260.50966100000124,0.5829962048936522,0.0,260.48596999999086,0.3421599335547751,0.10312499999999995
254.89927699999777,0.17929829567305763,0.8402777777777777,261.5145110000014,0.3666580739629988,0.065625,261.4831709999907,0.294163961437747,0.16944444444444443
255.90522699999772,0.21548171636573932,0.5486111111111112,262.5015540000015,0.20945208799258258,0.6020833333333334,262.4790819999906,0.2843194658776116,0.20833333333333331
256.8906739999975,0.1988431986827213,0.6458333333333334,263.5031170000009,0.15239648792777655,0.9999999999999999,263.4775069999907,0.3415482328524956,0.10312499999999995
257.8942309999975,0.13205339555012208,0.9999999999999999,264.5050660000011,0.21779031888073522,0.5243055555555555,264.4741509999906,0.280331937133998,0.22777777777777783
258.8841759999973,0.1744506105417194,0.8906249999999999,265.4939790000015,0.18189031505352818,0.80625,265.4933909999908,0.2692354998738302,0.2618055555555555
259.88656799999706,0.2605483890002799,0.2861111111111111,266.49151300000136,0.13179871428084938,0.9999999999999999,266.4763049999906,0.24389573368304773,0.35416666666666663
260.89654099999694,0.2120675294576102,0.5826388888888888,267.4903090000012,0.17097594189544124,0.9062499999999999,267.4729669999904,0.22439180312226933,0.46597222222222223
261.8800709999969,0.12717503984908396,0.9999999999999999,268.4909490000017,0.20887426321585364,0.6020833333333334,268.4670089999903,0.25336572023728593,0.3055555555555556
262.9155349999968,0.10631817695356907,0.9999999999999999,269.49049200000115,0.22416521640765388,0.46597222222222223,269.4728999999905,0.19597786894964062,0.675
263.8815039999967,0.16691586787667323,0.9374999999999999,270.48974400000117,0.1443527408331962,0.9999999999999999,270.4662619999907,0.22653543238157114,0.45625000000000004
264.8754599999967,0.260774562940512,0.28125,271.4847850000019,0.18864182350969047,0.7333333333333333,271.46732899999097,0.26068914292892525,0.2861111111111111
265.8838629999961,0.23376383738238793,0.38819444444444445,272.483473000002,0.2647679955084736,0.2763888888888889,272.46415199999126,0.2806399719444875,0.22777777777777783
266.88224299999644,0.14787429206122896,0.9999999999999999,273.48257400000193,0.15523391634583567,0.9999999999999999,273.4854779999915,0.19310406731449925,0.6895833333333333
267.8713789999965,0.13812696903213587,0.9999999999999999,274.4720540000017,0.13608863442235355,0.9999999999999999,274.5393679999921,0.18121785431076246,0.8159722222222222
268.8701749999963,0.16106216504878612,0.990625,275.4786320000015,0.13589944935138698,0.9999999999999999,275.45690499999284,0.30924244519882205,0.14374999999999996
269.8672819999965,0.11976435533171555,0.9999999999999999,276.4800720000017,0.1517461213912564,0.9999999999999999,276.4709399999928,0.31627072537994944,0.13125
270.8746929999962,0.15301534472658473,0.9999999999999999,277.49745400000216,0.130187970982283,0.9999999999999999,277.4562559999928,0.3054030587763838,0.14999999999999994
271.87957999999634,0.2282275671453461,0.42708333333333337,278.4732280000022,0.16092163363747905,0.996875,278.4515339999928,0.34038015733635085,0.10312499999999995
272.8674639999959,0.2247103317817828,0.46111111111111114,279.4885220000022,0.16340697393069914,0.96875,279.4533889999927,0.27071616738164983,0.2569444444444444
273.85742499999594,0.17929897253072183,0.8354166666666666,280.47175600000224,0.15250479494104094,0.9999999999999999,280.4433869999931,0.1650427752300402,0.9531249999999999
274.8704479999957,0.16758643195051393,0.9312499999999999,281.46656100000223,0.16766959187162056,0.9312499999999999,281.44274099999336,0.20414984750302523,0.6166666666666667
275.8684569999955,0.14436611435785063,0.9999999999999999,282.4580910000022,0.16492430774269148,0.9531249999999999,282.4460819999936,0.319809926276362,0.12812499999999993
276.8542589999953,0.12477725077903971,0.9999999999999999,283.4700160000025,0.17534604188225938,0.88125,283.4441469999933,0.3367325726731768,0.1125
277.8568199999953,0.11746024673307201,0.9999999999999999,284.4639060000027,0.19661156840249205,0.6701388888888888,284.44225899999367,0.3953872545706694,0.04687499999999999
278.85417999999487,0.14495661463364284,0.9999999999999999,285.4580470000029,0.13596233959854767,0.9999999999999999,285.45501099999365,0.33350320288596913,0.1125
279.8551269999947,0.16085282409837257,0.996875,286.4619130000025,0.12379212156813488,0.9999999999999999,286.44046199999343,0.2633469213176992,0.2763888888888889
280.85073499999476,0.16804986949820203,0.9249999999999999,287.4558500000023,0.17526878435775362,0.8875,287.4411319999928,0.3795730254139391,0.05624999999999996
281.84605399999435,0.18999755340299893,0.71875,288.45272600000186,0.19656136137924657,0.6701388888888888,288.4403659999927,0.45656783803272605,0.006249999999999977
282.8476739999942,0.1515209945668176,0.9999999999999999,289.4408140000017,0.18066585439887486,0.8256944444444444,289.4315679999928,0.39616229052276813,0.04687499999999999
283.8419449999944,0.10379553205703691,0.9999999999999999,290.4417370000015,0.896519122246415,0.0,290.4339459999936,0.3634180797511422,0.07187499999999998
284.8400209999945,0.12900149411260528,0.9999999999999999,291.4388730000015,4.832311729006044,0.0,291.4237249999938,0.6109952798394879,0.0
285.83736999999496,0.13314540447776377,0.9999999999999999,292.4387740000014,2.9893065332132887,0.0,292.44930199999385,0.7754541021038643,0.0
286.8352429999952,0.1344146173482752,0.9999999999999999,293.440531000001,0.8935646229761105,0.0,293.4248099999942,0.6018065356144962,0.0
287.8537429999954,0.24746059136694615,0.32013888888888886,294.43772600000074,0.19227499858240724,0.7090277777777778,294.43490199999394,0.7429135970704212,0.0
288.8351919999953,0.5057772022300934,0.0,295.43463100000116,0.1478667890205484,0.9999999999999999,295.4217689999938,0.4198310817921824,0.02499999999999999
289.83825699999494,0.27170705114991145,0.2472222222222222,296.43197800000104,0.150501671719566,0.9999999999999999,296.41979199999383,0.43729986044974833,0.018750000000000013
290.8321909999947,0.16533494156599882,0.95,297.432933000001,0.139410932435634,0.9999999999999999,297.43001499999383,0.3933150189333887,0.04687499999999999
291.8350459999952,0.17198987725065717,0.903125,298.4267230000006,0.09297462812871847,0.9999999999999999,298.4649219999941,0.4509708094677253,0.006249999999999977
292.82215399999495,0.2905984636389933,0.1791666666666666,299.4261330000005,0.0891545464826861,0.9999999999999999,299.43753299999446,0.5671944381460106,0.0
293.82102399999496,0.8922277508190205,0.0,300.42421000000087,0.1021248478602946,0.9999999999999999,300.5207249999945,0.5956878198150948,0.0
294.81884199999473,1.0831990713559323,0.0,301.4213990000012,0.1313654873250188,0.9999999999999999,301.4194329999949,0.5499789955044136,0.0
295.8273509999947,1.3361157657098137,0.0,302.43684800000113,0.09210345020997227,0.9999999999999999,302.4359079999952,0.5786210217479109,0.0
296.8198959999946,0.7228512819662363,0.0,303.41582900000094,0.08714160445759597,0.9999999999999999,303.45748799999524,0.575414992883721,0.0
297.8187509999941,0.5572993430290588,0.0,304.4141310000004,0.8786921002947025,0.0,304.40824899999546,0.7590563676435079,0.0
298.82675699999413,0.3517168469094338,0.07812499999999996,305.4238450000005,2.586049000088846,0.0,305.3990099999959,0.7718867532824771,0.0
299.83221499999485,0.48165526202193204,0.0,306.4206870000006,1.242993967492925,0.0,306.4104519999962,0.5566619724672033,0.0
300.80974399999417,0.23831434650254263,0.3687499999999999,307.4179530000003,0.49484223162812013,0.0,307.39758699999635,0.8753465228897114,0.0
301.81055599999394,0.24891344890905276,0.3104166666666667,308.4021050000007,1.033431636400176,0.0,308.4035119999966,0.7125566774580994,0.0
302.8130939999934,0.3032771505145864,0.14999999999999994,309.4054390000003,2.4046741583041706,0.0,309.42468499999643,0.5988375603897399,0.0
303.8080659999933,0.523576875812644,0.0,310.41282300000034,0.5470494175259464,0.0,310.4216279999963,0.9553149884575951,0.0
304.80903299999295,0.7163337117054008,0.0,311.40482600000024,0.13028771278195014,0.9999999999999999,311.38909399999625,0.9962497484934085,0.0
305.82257899999223,0.22821887715064457,0.43194444444444446,312.3956240000001,0.11472791173241136,0.9999999999999999,312.3907669999961,0.6999412517829804,0.0
306.80040499999257,0.12914802879166296,0.9999999999999999,313.39743299999986,0.12068083217824732,0.9999999999999999,313.39408199999593,0.52562657457581,0.0
307.7978039999922,0.19630880970126066,0.6701388888888888,314.39249800000016,0.08959367174333874,0.9999999999999999,314.3816359999964,0.4993251733114519,0.0
308.7948619999921,0.40280771819317557,0.037500000000000026,315.39547200000004,0.10508187631251434,0.9999999999999999,315.42251599999634,0.45128057576704605,0.006249999999999977
309.7943919999921,0.2719023697086194,0.2423611111111111,316.39431200000007,0.1607465761412072,0.9999999999999999,316.37784099999664,0.4684417373925927,0.0
310.80368099999185,0.19757452917732793,0.6652777777777777,317.38515600000034,0.16254845590654415,0.98125,317.3914319999966,0.44827628669525926,0.009374999999999965
311.7916899999915,0.2892997802522669,0.18402777777777773,318.392999,0.1427066450223956,0.9999999999999999,318.3723209999967,0.7159687849703466,0.0
312.8171669999916,0.23621939604238315,0.37361111111111117,319.3888910000001,0.12734009621362266,0.9999999999999999,319.37402299999644,0.6955351995499244,0.0
313.7935859999914,0.20378557132154101,0.6166666666666667,320.38885799999974,0.09964835336695937,0.9999999999999999,320.3665639999966,0.8465755682659343,0.0
314.8175419999912,0.3513228409029498,0.08124999999999995,321.3849760000002,0.1352910811287904,0.9999999999999999,321.36982299999687,0.8379680233801731,0.0
315.78351699999075,0.7887202076242714,0.0,322.3852410000002,0.14330419564317592,0.9999999999999999,322.39010599999625,1.4301150864556966,0.0
316.78541499999056,1.6774367774847938,0.0,323.3842060000003,0.14683515544378475,0.9999999999999999,323.36653999999675,6.698056905811068,0.0
317.7873469999899,0.4600112872914594,0.0,324.3751340000003,0.18225905435781892,0.7916666666666667,324.36439599999653,9.415129236220302,0.0
318.78629299999005,0.15863101615074335,0.9999999999999999,325.3784919999999,0.17814705990325386,0.8500000000000002,325.36796399999673,2.2147696441399307,0.0
319.80582399998957,0.15026903783706153,0.9999999999999999,326.37374099999977,0.14587002150609168,0.9999999999999999,326.3578339999967,0.6303486639441825,0.0
320.77477399998935,0.18204739407448373,0.8013888888888889,327.38347999999945,0.19404986634056687,0.6847222222222222,327.372370999997,0.6832153650965835,0.0
321.78313999998915,0.21999131921773984,0.5,328.3718539999994,0.20631632797054675,0.6020833333333334,328.3536119999971,0.8202254126444491,0.0
322.78551299998895,0.2213740774932136,0.4902777777777778,329.36534999999947,0.1823272469894334,0.7916666666666667,329.3549209999968,0.5488048618548166,0.0
323.7694609999888,0.18047701715750983,0.8256944444444444,330.3682189999997,0.1209064662841793,0.9999999999999999,330.3540869999972,0.4189417170569265,0.03124999999999997
324.7669779999884,0.17598853764850803,0.8687499999999999,331.36090999999976,0.158232454031099,0.9999999999999999,331.34933199999733,0.27899531213192497,0.23750000000000002
325.76484699998815,0.1631172274355118,0.975,332.36334900000026,0.36547780692609577,0.065625,332.35089299999765,0.24474372847893608,0.35416666666666663
326.77388899998806,0.1758012146473968,0.875,333.3770720000002,0.2486404885933854,0.32013888888888886,333.3723399999977,0.3650736145739782,0.065625
327.7652579999877,0.1512574351138851,0.9999999999999999,334.3623210000005,0.16829036223182606,0.9249999999999999,334.3476889999977,0.8144418288730223,0.0
328.76431099998723,0.1570691320712367,0.9999999999999999,335.3591990000005,0.2066981137156015,0.6020833333333334,335.348623999998,0.9015291363825366,0.0
329.76310199998716,0.1545016083032001,0.9999999999999999,336.3636150000005,0.19942920083433718,0.6409722222222223,336.35158599999806,0.49188046586546547,0.0
330.7626009999867,0.1706545028178945,0.9062499999999999,337.35050600000073,0.18196477866167338,0.80625,337.342681999998,0.4523317633908469,0.006249999999999977
331.76116399998665,0.14415799739266352,0.9999999999999999,338.40367900000075,0.1377146655750526,0.9999999999999999,338.33424099999814,0.5330665350858348,0.0
332.75752299998646,0.1609550799414534,0.9937499999999999,339.34870400000096,0.24343320994895387,0.35416666666666663,339.35592799999785,0.6101825279195738,0.0
333.756050999986,0.19039840682845643,0.7138888888888889,340.34666900000104,0.395766318800007,0.04687499999999999,340.3322799999977,0.9737936368181627,0.0
334.746469999986,0.1610930928689407,0.9874999999999998,341.33987900000136,0.21366460191447845,0.5631944444444444,341.3336709999977,1.1295056017318494,0.0
335.7468659999857,0.12969847475340282,0.9999999999999999,342.34327000000184,0.17759114735317622,0.85625,342.35305099999795,1.5004936949812175,0.0
336.7479279999858,0.11590881468941484,0.9999999999999999,343.3415190000019,0.2034382478784013,0.6215277777777779,343.32238799999766,1.069191334272094,0.0
337.75986499998555,0.12231922018470832,0.9999999999999999,344.33446200000174,0.14374135129336457,0.9999999999999999,344.3270009999974,0.7308721495929269,0.0
338.74332399998553,0.125612010099986,0.9999999999999999,345.3416960000019,0.17535011779257728,0.88125,345.3489419999971,0.7406118584175916,0.0
339.7377739999854,0.10266367048609218,0.9999999999999999,346.33967200000137,0.16722175208048917,0.9374999999999999,346.3269219999971,0.8068876724555779,0.0
340.7392469999857,0.13197906556071984,0.9999999999999999,347.3266950000012,0.19702129321241582,0.6701388888888888,347.3372509999973,1.014746449177727,0.0
341.74108099998614,0.17713113644321068,0.8593749999999999,348.3319750000015,0.22927690103612788,0.4222222222222223,348.32447999999727,0.893404569584494,0.0
342.7420429999861,0.18711235191343273,0.7479166666666667,349.3224870000015,0.19658016148330634,0.6701388888888888,349.31873399999716,0.977645670938653,0.0
343.73555399998594,0.16071912555665707,0.9999999999999999,350.32170300000155,0.1320997229836359,0.9999999999999999,350.32691099999727,1.3846747337174186,0.0
344.7335469999853,0.18574943971220484,0.7722222222222224,351.3245140000017,0.11395477253529003,0.9999999999999999,351.3269959999979,1.2402833282227819,0.0
345.73540899998557,0.18172622123368318,0.80625,352.33538800000144,0.09988995581949951,0.9999999999999999,352.35034999999795,1.1193066538570668,0.0
346.73877899998564,0.6785726099668121,0.0,353.32458500000155,0.11242116068944226,0.9999999999999999,353.32160799999764,1.1284738046604463,0.0
347.72937199998574,0.6510093914224203,0.0,354.31362700000153,0.11920361217808788,0.9999999999999999,354.3150689999974,0.7019207180437108,0.0
348.7213269999853,0.3442525191237596,0.09999999999999996,355.3201920000015,0.13093470461929022,0.9999999999999999,355.3087769999975,0.6680944209552548,0.0
349.7201609999853,0.5128145493853014,0.0,356.31628000000154,0.17654985010222235,0.8656249999999999,356.30630099999746,1.0540022884510718,0.0
350.71920799998514,0.5711288381613574,0.0,357.3164780000017,0.14244875422328782,0.9999999999999999,357.3089139999974,1.2542991599655586,0.0
351.7233139999853,0.7633297851433605,0.0,358.31661800000165,0.13044397171221328,0.9999999999999999,358.3217679999974,1.5667147930883851,0.0
352.7260489999854,0.7631725371578484,0.0,359.3038280000015,0.13996576351952955,0.9999999999999999,359.31078399999745,0.9866318413222696,0.0
353.713939999985,0.4461754101974179,0.009374999999999965,360.2982220000018,0.14144367904815583,0.9999999999999999,360.3571809999977,0.5686476143467554,0.0
354.71905799998484,0.14752839482255023,0.9999999999999999,361.3009690000019,0.11368087526274792,0.9999999999999999,361.3027559999976,0.5413348934583323,0.0
355.7184289999842,0.14629480713978396,0.9999999999999999,362.29834500000237,0.09491225681912359,0.9999999999999999,362.29050599999766,0.4996662155143732,0.0
356.7114469999841,0.14954021368879689,0.9999999999999999,363.2960600000019,0.12369301206623391,0.9999999999999999,363.3100329999979,2.6350718256952868,0.0
357.7089949999844,0.12144661940833827,0.9999999999999999,364.2990520000018,0.14448649427558335,0.9999999999999999,364.2875079999979,4.027139823123602,0.0
358.70493599998406,0.1361904486151628,0.9999999999999999,365.296311000002,0.10939402608400295,0.9999999999999999,365.29130899999797,0.9151713440130474,0.0
359.71092699998377,0.10137393656963271,0.9999999999999999,366.3071910000024,0.10146503777872226,0.9999999999999999,366.28977299999787,0.2791600670170765,0.23750000000000002
360.7067769999833,0.22034817621496325,0.4951388888888889,367.28621200000185,0.15216131892325088,0.9999999999999999,367.3129799999974,0.316750218404681,0.13125
361.7048099999831,0.35047688062735866,0.08437500000000002,368.3109520000022,0.14792008101489182,0.9999999999999999,368.28022299999805,0.31821535163091064,0.12812499999999993
362.7165569999824,0.22720486611143492,0.44652777777777786,369.296713000002,0.17445178305990477,0.8906249999999999,369.28322899999836,0.34157244615535004,0.10312499999999995
363.70051699998254,0.281633300858888,0.2180555555555555,370.2897200000026,0.22307141423392188,0.4756944444444444,370.2874909999984,0.48444339059915803,0.0
364.69442399998286,0.18102152459325319,0.8159722222222222,371.28255800000255,0.2891966953357608,0.19375000000000003,371.27668299999806,0.4325988624884309,0.018750000000000013
365.70442499998245,0.15731970712135462,0.9999999999999999,372.27954900000253,0.19939280588894462,0.6409722222222223,372.27761799999814,0.23986877972888604,0.3590277777777777
366.6898719999827,0.202948096404317,0.626388888888889,373.3207100000024,0.12481433975370079,0.9999999999999999,373.2717579999982,0.23124112022845897,0.4027777777777777
367.6972359999819,0.2062791990449636,0.6020833333333334,374.2830670000027,0.11924895435164576,0.9999999999999999,374.305693999998,0.2387482589479946,0.3590277777777777
368.7057889999814,0.14751579229549375,0.9999999999999999,375.28107900000305,0.1399530785479277,0.9999999999999999,375.4426349999982,0.3450714469635958,0.09999999999999996
369.6917559999807,0.20545431595386074,0.6069444444444445,376.2837550000034,0.10517692065818829,0.9999999999999999,376.3781669999996,0.3601176792064605,0.07187499999999998
370.68466399998044,0.3472050296173153,0.09687499999999998,377.29760300000294,0.09652268106594365,0.9999999999999999,377.28246399999983,0.2135231886531058,0.5680555555555555
371.6910839999801,0.22733096958245821,0.44166666666666665,378.40101800000343,0.17752728247141306,0.85625,378.270766,0.23001640304354004,0.4125000000000001
372.6862329999802,0.1633223347705668,0.96875,379.42253400000396,0.20126109052560873,0.6409722222222223,379.3194740000003,0.2499033727897631,0.3104166666666667
373.68107099998036,0.3072311884657931,0.14687499999999995,380.2872550000042,0.1273486362325147,0.9999999999999999,380.4569090000006,1.2190436152209259,0.0
374.6881129999805,0.5127402749256174,0.0,381.2705840000043,0.14218485713102175,0.9999999999999999,381.2998780000021,1.3271108084787688,0.0
375.69406399998064,0.376446343816735,0.05624999999999996,382.26581600000367,0.0899840129005529,0.9999999999999999,382.38136100000247,0.7300260314015317,0.0
376.6795599999806,0.23157821527430003,0.39305555555555555,383.25762000000384,0.08587679755273152,0.9999999999999999,383.5749770000034,2.4121464052937736,0.0
377.68206499998087,0.1213126485362788,0.9999999999999999,384.25610000000364,0.08094057388887324,0.9999999999999999,384.4324090000047,2.7030882409096266,0.0
378.6759659999809,0.16418350019789088,0.9593749999999999,385.2620110000036,0.08436322998203774,0.9999999999999999,385.3229670000045,1.1636956148979944,0.0
379.6904059999807,0.22214853515792132,0.4756944444444444,386.26223200000305,0.08428411254461815,0.9999999999999999,386.27385200000464,0.4916558546711224,0.0
380.66929499998105,0.18998293304895839,0.7236111111111111,387.2516340000032,0.0790096432474485,0.9999999999999999,387.330630000005,0.5965902897630712,0.0
381.6642609999814,0.1534192297350279,0.9999999999999999,388.2651880000033,0.07209657950271804,0.9999999999999999,388.2832050000044,0.7149694979592764,0.0
382.66922499998145,0.1834363938441737,0.7819444444444446,389.2520620000031,0.09158663435656152,0.9999999999999999,389.3058660000041,0.38519892096090314,0.05624999999999996
383.6672529999815,0.2024138270918822,0.6361111111111112,390.2545260000036,0.08125961990792631,0.9999999999999999,390.26205700000486,0.30142131712648984,0.15972222222222224
384.66586999998145,0.19433939772549252,0.675,391.2437410000036,0.07811450058371794,0.9999999999999999,391.30149400000465,0.37372854806807654,0.06250000000000001
385.6585109999818,0.1443396880858978,0.9999999999999999,392.24902900000336,0.1115946467869761,0.9999999999999999,392.3529150000049,0.4456435694297809,0.012500000000000037
386.6591189999823,0.17060235506725452,0.9093749999999999,393.269642000003,0.15124550244133297,0.9999999999999999,393.31036200000494,0.36096566603684216,0.07187499999999998
387.69100299998246,0.3500074977851516,0.08750000000000001,394.2439730000029,0.09216975267523195,0.9999999999999999,394.4035990000058,0.4830627248105697,0.0
388.65157299998293,0.3019084185737723,0.15486111111111114,395.23964700000244,0.08370429315566008,0.9999999999999999,395.28868900000595,0.4901623778669073,0.0
389.6668839999831,0.18560943865656931,0.7770833333333335,396.2339210000024,0.11678328220288962,0.9999999999999999,396.28066400000614,0.6600646800444696,0.0
390.6542839999828,0.3762028874713121,0.05937500000000003,397.23979500000235,0.12725569152124758,0.9999999999999999,397.26868000000684,4.329537499779674,0.0
391.65880199998287,0.6631775996235114,0.0,398.2324850000023,0.0986662398220206,0.9999999999999999,398.22696600000637,10.394290540234136,0.0
392.64621899998343,0.8597081831037804,0.0,399.23628500000285,0.10298361799765979,0.9999999999999999,399.22685400000694,4.351321474758164,0.0
393.64040599998367,1.0320469773764753,0.0,400.23532300000284,0.09571638034957453,0.9999999999999999,400.23221600000676,1.23210942300751,0.0
394.64419699998365,0.5023214714698674,0.0,401.22897300000267,0.09487122961586208,0.9999999999999999,401.22417100000683,0.11264597855724581,0.9999999999999999
395.65071599998396,0.2845003494844139,0.20347222222222222,402.24587300000235,0.09650750618916581,0.9999999999999999,402.2271440000066,0.10071496798953553,0.9999999999999999
396.6506309999844,0.23087991759074347,0.4076388888888888,403.2316540000021,0.07498960815759573,0.9999999999999999,403.22050800000693,0.09278551728830262,0.9999999999999999
397.63866799998505,0.22803195048129887,0.43680555555555556,404.2270790000023,0.08305425615622068,0.9999999999999999,404.2260030000068,0.12892350025400265,0.9999999999999999
398.6351979999853,0.17350470250968814,0.8937499999999999,405.2224320000024,0.11827487848678835,0.9999999999999999,405.21840800000666,0.09662965776073977,0.9999999999999999
399.65650099998544,0.1052232654196395,0.9999999999999999,406.23106600000284,0.08925078204639211,0.9999999999999999,406.2117420000065,0.06662169398268408,0.9999999999999999
400.63389999998566,0.16311879896338746,0.9718749999999999,407.2135180000032,0.08292512795877803,0.9999999999999999,407.2207660000064,0.06319694660198139,0.9999999999999999
401.63099999998616,0.1290708433580277,0.9999999999999999,408.2129490000029,0.12064641475086765,0.9999999999999999,408.2286270000065,0.07838265380264117,0.9999999999999999
402.6378719999862,0.1495714507928417,0.9999999999999999,409.2144490000029,0.1217381677934613,0.9999999999999999,409.2088750000062,0.08007985430521784,0.9999999999999999
403.6638669999866,0.15880329782926483,0.9999999999999999,410.2183400000029,0.15121051959021387,0.9999999999999999,410.2053610000064,0.08138742631868118,0.9999999999999999
404.6268669999871,0.14691211539275814,0.9999999999999999,411.2124100000033,0.3695162833651115,0.06250000000000001,411.21218000000715,0.09220422848546622,0.9999999999999999
405.62683299998724,0.315382773282497,0.13125,412.216982000003,0.3159672926488446,0.13125,412.22241000000776,0.079034101743384,0.9999999999999999
406.62422199998724,2.2872550559085494,0.0,413.20879100000343,0.0991435031134337,0.9999999999999999,413.2022740000079,0.06494815517023815,0.9999999999999999
407.61963299998735,3.0576533938081627,0.0,414.206872000003,0.06491132615128865,0.9999999999999999,414.21001700000784,0.0811638780402443,0.9999999999999999
408.6186729999873,0.5505871677040212,0.0,415.2022940000025,0.05213686741295663,0.9999999999999999,415.2130630000083,0.10624196628431974,0.9999999999999999
409.6160559999872,0.29895622486916107,0.15972222222222224,416.20207900000224,0.07321731904615658,0.9999999999999999,416.20351400000874,0.13953402665757314,0.9999999999999999
410.61266499998766,0.1874505383380958,0.7430555555555556,417.2060120000024,0.08881881375073233,0.9999999999999999,417.217726000008,0.12125788181392545,0.9999999999999999
411.6155219999879,0.1270055929573947,0.9999999999999999,418.2110710000025,0.09846730864157716,0.9999999999999999,418.1972200000077,0.10163261084608675,0.9999999999999999
412.6293479999884,0.20277152239525503,0.6312500000000001,419.2156720000026,0.07663574318234774,0.9999999999999999,419.18978800000855,0.10461702430737332,0.9999999999999999
413.61143499998883,0.2811055841216049,0.2229166666666666,420.1994070000029,0.06828511308906841,0.9999999999999999,420.2112050000084,0.06287649045976648,0.9999999999999999
414.62037499998905,0.18074022177227558,0.8208333333333333,421.19429800000347,0.06934621075608853,0.9999999999999999,421.19180000000875,0.0801804653319479,0.9999999999999999
415.61118299998964,0.26524346495203943,0.2715277777777778,422.19889500000363,0.06712281655129974,0.9999999999999999,422.1910920000092,0.08567848073096115,0.9999999999999999
416.60672099998953,0.3668480357126661,0.06250000000000001,423.1853350000035,0.05927993694554934,0.9999999999999999,423.2510800000093,0.08907096211580004,0.9999999999999999
417.61770899999004,0.7675170189302148,0.0,424.18673000000376,0.0936485199845631,0.9999999999999999,424.2074760000094,0.09666491110427983,0.9999999999999999
418.60699099999016,1.0729280235028609,0.0,425.1778580000041,0.11806951867445985,0.9999999999999999,425.180019000009,0.10855987928104957,0.9999999999999999
419.61857999999086,0.7722529146615037,0.0,426.2392170000041,0.12093126540360072,0.9999999999999999,426.1765520000088,0.09403260435309843,0.9999999999999999
420.60147899999106,0.2891436031898782,0.19375000000000003,427.21063200000395,0.1370551494736796,0.9999999999999999,427.1963010000088,0.09794013458969393,0.9999999999999999
421.6125829999913,0.2386462559233997,0.3590277777777777,428.1885180000037,0.09406915233264801,0.9999999999999999,428.1840450000087,0.10647605665968365,0.9999999999999999
422.5960349999912,0.1732306639816266,0.896875,429.1938220000038,0.0901910033042672,0.9999999999999999,429.1776070000086,0.13174669409931908,0.9999999999999999
423.60441099999156,0.11323856254303694,0.9999999999999999,430.17231400000406,0.0748252200315496,0.9999999999999999,430.1954240000083,0.17960336231707708,0.8305555555555555
424.60284999999163,0.09495930861116174,0.9999999999999999,431.17631800000436,0.055504640362552995,0.9999999999999999,431.1818350000081,0.14361187111517695,0.9999999999999999
425.5863469999917,0.17495923695290594,0.8875,432.1829330000042,0.078210592722783,0.9999999999999999,432.1716970000079,0.12308244205669465,0.9999999999999999
426.59490499999157,0.14905378387418608,0.9999999999999999,433.34834100000455,0.08648826735439179,0.9999999999999999,433.17466900000755,0.09521204876668769,0.9999999999999999
427.5967489999915,0.10086074969747631,0.9999999999999999,434.1656040000046,0.09561407014929012,0.9999999999999999,434.21690700000784,0.18627156772379033,0.7576388888888889
428.5872439999916,0.1573560935298553,0.9999999999999999,435.168372000005,0.09815065430457218,0.9999999999999999,435.1603360000084,0.16639140693910853,0.94375
429.59855199999197,0.15431533414464743,0.9999999999999999,436.16852300000494,0.11929551073036139,0.9999999999999999,436.16387000000856,0.15637314616506706,0.9999999999999999
430.58863199999166,0.10059066398007935,0.9999999999999999,437.1723780000052,0.10437004950689717,0.9999999999999999,437.1550780000088,0.15484099470792498,0.9999999999999999
431.57907499999226,0.10749569042100231,0.9999999999999999,438.16230700000506,0.12341615262564137,0.9999999999999999,438.1595970000092,0.0948878090137265,0.9999999999999999
432.5840079999921,0.11933989804163397,0.9999999999999999,439.1865380000049,0.10141931112118203,0.9999999999999999,439.1511390000089,0.1294665665274696,0.9999999999999999
433.5825579999922,0.10983245736780314,0.9999999999999999,440.1617950000045,0.13769659436437218,0.9999999999999999,440.15266000000895,0.1198766800929315,0.9999999999999999
434.574289999992,0.19885962621494654,0.6409722222222223,441.1548760000044,0.1715273784828148,0.9062499999999999,441.15364700000845,0.130214859960895,0.9999999999999999
435.58281099999215,0.6296593941607584,0.0,442.1794560000043,0.09415595430168931,0.9999999999999999,442.14906100000866,0.11840886471467234,0.9999999999999999
436.569333999992,0.5386841471378435,0.0,443.18512900000405,0.09979252620833574,0.9999999999999999,443.14407800000885,0.10781041035055208,0.9999999999999999
437.5827119999923,0.3859615877646551,0.05312499999999997,444.1500090000041,0.12351385913067287,0.9999999999999999,444.1440660000089,0.16550205487907477,0.9468749999999999
438.58124999999234,0.6734346674733726,0.0,445.1578410000042,0.11626893312027106,0.9999999999999999,445.14241800000923,0.21710786775841723,0.5291666666666667
439.5671929999925,0.3896814574730959,0.04687499999999999,446.1449680000043,0.12949587338642318,0.9999999999999999,446.14544800000914,0.1620555233386476,0.9843749999999999
440.5631589999929,0.2156593471221452,0.54375,447.15613600000415,0.12521099082830422,0.9999999999999999,447.14023500000917,0.19864077375460745,0.6555555555555556
441.56357099999343,0.19377188901018919,0.6847222222222222,448.16142500000416,0.13621183510492324,0.9999999999999999,448.14081900000923,0.14611352547927262,0.9999999999999999
442.5704589999937,0.2795840908089054,0.22777777777777783,449.1424950000046,0.1342900184057889,0.9999999999999999,449.15105100000926,0.12503904036342534,0.9999999999999999
443.56589799999375,0.1881769451816256,0.7381944444444445,450.14784900000484,0.12105720866343418,0.9999999999999999,450.142350000009,0.1532239233215051,0.9999999999999999
444.5610099999936,0.16850575146958313,0.921875,451.1404990000046,0.15708915484903296,0.9999999999999999,451.13248700000923,0.12605111348528777,0.9999999999999999
445.56101999999413,0.4434494032219849,0.012500000000000037,452.1516580000046,0.15548798881458978,0.9999999999999999,452.1332180000094,0.1456370832847584,0.9999999999999999
446.5668959999943,0.6281152935027416,0.0,453.13391500000455,0.14910772806679554,0.9999999999999999,453.12880000000945,0.10829650266565106,0.9999999999999999
447.5557989999947,0.397542629372793,0.043750000000000004,454.15784300000416,0.11780913087037984,0.9999999999999999,454.12544700000996,0.11664790714643729,0.9999999999999999
448.550245999995,0.4787068481982767,0.0,455.1295850000044,0.13254034427063807,0.9999999999999999,455.13540000001,0.10738458604712554,0.9999999999999999
449.5487689999954,0.3084782670526961,0.14374999999999996,456.1301370000046,0.1437325028202636,0.9999999999999999,456.12398600000995,0.08341966155902977,0.9999999999999999
450.54152099999567,0.13591579331171183,0.9999999999999999,457.12701100000464,0.09826488796928631,0.9999999999999999,457.1258050000101,0.10379567717609942,0.9999999999999999
451.5556939999959,0.09568736862433254,0.9999999999999999,458.1262330000044,0.09002629833959565,0.9999999999999999,458.12926100000965,0.1164459080412721,0.9999999999999999
452.54743099999575,0.1418844053018375,0.9999999999999999,459.1857230000047,0.1176329636874151,0.9999999999999999,459.1172630000099,0.1309699065011561,0.9999999999999999
453.5394219999959,0.14106400365549407,0.9999999999999999,460.12056200000455,0.13095983772934094,0.9999999999999999,460.1195240000101,0.21832633070021984,0.5243055555555555
454.55088199999557,0.11998858838995559,0.9999999999999999,461.11505000000477,0.16818164989683004,0.9249999999999999,461.1338500000099,0.26000724322361934,0.2958333333333333
455.54533699999536,0.1304516504332897,0.9999999999999999,462.1177500000046,0.15203239661756415,0.9999999999999999,462.11325600001004,0.16072268021366273,0.9999999999999999
456.53746999999544,0.14879094413975597,0.9999999999999999,463.13316300000434,0.28072387905105567,0.22777777777777783,463.1145960000102,0.2650992968756885,0.2763888888888889
457.5331779999958,0.15805393096664397,0.9999999999999999,464.11544300000423,0.4183519030662717,0.03124999999999997,464.1076130000101,1.091562965425859,0.0
458.5371899999959,0.12879069520665792,0.9999999999999999,465.1091540000043,0.4365054122113079,0.018750000000000013,465.1368400000104,1.668458511092632,0.0
459.53313699999643,0.13721849213846096,0.9999999999999999,466.1120830000037,0.20715231121873243,0.6020833333333334,466.1144790000106,26.054509237107943,0.0
460.53311299999694,0.1753662836666223,0.8781249999999999,467.10687300000365,0.09877722488885836,0.9999999999999999,467.1097000000112,45.31012408577867,0.0
461.528563999997,0.1638756714952527,0.965625,468.12612900000363,0.13243051117322618,0.9999999999999999,468.1025600000112,36.95027744574495,0.0
462.54451899999754,0.14909124766334528,0.9999999999999999,469.1056250000041,0.12740460943654808,0.9999999999999999,469.10146500001173,3.456661266158024,0.0
463.52896599999804,0.1228585902346987,0.9999999999999999,470.1155120000041,0.08367946402685064,0.9999999999999999,470.0997820000116,0.6230826237009359,0.0
464.52248799999876,0.14338290693851707,0.9999999999999999,471.0971730000045,0.10389018969592577,0.9999999999999999,471.1027170000113,0.87203986251557,0.0
465.523446999999,0.5028486931120897,0.0,472.1044810000043,0.13321428830997617,0.9999999999999999,472.096149000011,0.666326491394976,0.0
466.5183959999993,0.5892454527368377,0.0,473.10780300000414,0.15446152936275662,0.9999999999999999,473.09518200001145,0.4838645025677001,0.0
467.52528699999976,0.23844276009710924,0.3638888888888888,474.14323800000443,0.1340209661427371,0.9999999999999999,474.0955680000113,0.466282696011413,0.0
468.5239560000001,0.18606316463907263,0.7625,475.131796000004,0.1461309084591724,0.9999999999999999,475.0889430000114,0.5178803041031064,0.0
469.5211989999999,0.41932556649143415,0.02499999999999999,476.10959700000404,0.09743677401608897,0.9999999999999999,476.0899780000116,0.5942147784726036,0.0
470.5207350000001,0.26741439240396564,0.2666666666666667,477.10329900000494,0.08454213623708778,0.9999999999999999,477.08580900001164,0.8549204252692519,0.0
471.51811700000025,0.15975954116444172,0.9999999999999999,478.0854340000048,0.09451691387964278,0.9999999999999999,478.09056300001174,0.845828899892696,0.0
472.5104640000003,0.19779928348163117,0.6604166666666667,479.09504500000463,0.11007983884746965,0.9999999999999999,479.0974390000117,0.46256355475852023,0.0
473.5076780000002,0.5441209422745511,0.0,480.0881260000046,0.13137651378138487,0.9999999999999999,480.0837020000117,0.6230195249090176,0.0
474.5039530000009,0.5418535101065721,0.0,481.15103700000464,0.08062725034916121,0.9999999999999999,481.0815570000118,0.37403438453918103,0.06250000000000001
475.50993200000084,0.5537713609881455,0.0,482.12076300000484,0.09720996071608151,0.9999999999999999,482.08255500001184,0.32008484802979253,0.12812499999999993
476.5063360000008,0.4587313240052473,0.0031249999999999885,483.08919600000536,0.14984941267630195,0.9999999999999999,483.07778300001206,0.48452549499317366,0.0
477.4998640000011,0.33926033912709874,0.10625000000000002,484.1165450000063,0.0890261373607087,0.9999999999999999,484.0807660000121,0.5086516704792137,0.0
478.5008270000017,0.4693324522364619,0.0,485.06790700000613,0.0578752413447849,0.9999999999999999,485.0779400000119,0.314994908985462,0.134375
479.496298000002,0.34729455655188085,0.09374999999999999,486.10047400000605,0.11545184796104821,0.9999999999999999,486.070854000012,0.3003703088098805,0.15972222222222224
480.4973940000023,0.21940836829044258,0.5097222222222222,487.06792600000637,0.20915813576305647,0.6020833333333334,487.07113000001226,0.6962477482318862,0.0
481.49836800000213,0.21140593508862374,0.592361111111111,488.0685410000066,0.46282506855813393,0.0,488.06882000001235,0.8452071606603319,0.0
482.4943540000022,0.3896184627578811,0.04999999999999998,489.05842800000676,0.546418347231441,0.0,489.0686770000124,0.6211556236774977,0.0
483.5007180000022,0.5437746622769638,0.0,490.0662070000068,0.15202324967012237,0.9999999999999999,490.0785730000125,0.5183672219975006,0.0
484.50603300000233,0.41899677243739786,0.02812499999999998,491.0517010000064,0.12224350639831284,0.9999999999999999,491.06841500001264,0.32098112512290555,0.12812499999999993
485.4959990000024,0.363762901680179,0.065625,492.04891900000655,0.2736019460731155,0.2423611111111111,492.06200400001273,1.5410906567605513,0.0
486.4881050000027,0.35181289712784436,0.07499999999999997,493.0409030000063,0.2560815480561019,0.3006944444444445,493.062337000013,12.902791779122023,0.0
487.5145170000024,0.41778530526831836,0.034374999999999954,494.0383650000066,0.1338967215608566,0.9999999999999999,494.0629170000133,14.13076683787179,0.0
488.49111500000276,0.17588968543881378,0.8718749999999998,495.040512000007,0.16223638029977133,0.98125,495.0661410000134,7.474138283516645,0.0
489.48041800000306,0.21225277090652178,0.5729166666666666,496.0449290000069,0.195024011516081,0.675,496.05745200001314,1.0332065149949876,0.0
490.48104500000306,0.6392179089376347,0.0,497.0372430000067,0.20919212409361132,0.6020833333333334,497.08045000001334,2.9987008456460886,0.0
491.48185200000347,0.5563216689904831,0.0,498.0313530000068,0.19657819530832507,0.6701388888888888,498.05705000001336,2.2462517586374227,0.0
492.4778090000035,0.17742685128749558,0.85625,499.0279270000069,0.18235623852409852,0.7916666666666667,499.05507000001336,0.5540437690282801,0.0
493.5028470000039,0.1776868680405788,0.8531249999999999,500.0296590000068,0.21204787745473946,0.5874999999999999,500.0520570000134,0.3126864908398851,0.14062499999999997
494.4796880000043,0.2942604045667945,0.16458333333333333,501.02631500000695,0.2156470983465741,0.5486111111111112,501.0484600000134,0.2651918511586196,0.2763888888888889
495.47127500000454,0.6455462117820334,0.0,502.029235000007,0.1578658871963044,0.9999999999999999,502.0553210000137,0.3289022022082951,0.12187499999999997
496.4807530000051,0.9461250725572183,0.0,503.02988800000696,0.10971993650878653,0.9999999999999999,503.0455910000133,0.3995592198856249,0.040625000000000015
497.46962200000564,0.5802698976813802,0.0,504.0241940000069,0.1565772776098533,0.9999999999999999,504.0433510000135,0.4494123373003908,0.006249999999999977
498.47153600000564,0.5473958097748924,0.0,505.0204980000066,0.17324076258029092,0.896875,505.0372550000135,0.5356945514914411,0.0
499.4674980000058,0.7426775003608458,0.0,506.01646400000686,0.1526089005870371,0.9999999999999999,506.0656880000135,0.5151526643444508,0.0
500.4625880000062,0.99776407458103,0.0,507.01161700000677,0.11368470883564036,0.9999999999999999,507.04614800001326,0.4714529539967398,0.0
501.45661700000636,0.42370859797662214,0.018750000000000013,508.0251130000069,0.128949693419247,0.9999999999999999,508.10797800001325,0.40634174714519267,0.037500000000000026
502.46095500000666,0.5915068579224785,0.0,509.02797400000674,0.1500311584674529,0.9999999999999999,509.0371190000128,0.4469947172452536,0.009374999999999965
503.48897000000693,0.5461867566396913,0.0,510.0113700000067,0.13934775613879985,0.9999999999999999,510.07310400001273,0.33205805907125735,0.11874999999999998
504.45739700000706,0.8684253483272544,0.0,511.01154800000677,0.11075796138441675,0.9999999999999999,511.04200000001316,0.39416244527596794,0.04687499999999999
505.4519140000071,0.6964675635008551,0.0,512.0175650000066,0.0760998056269748,0.9999999999999999,512.1017490000133,0.47034542073062513,0.0
506.4587720000072,0.24705567696022906,0.32499999999999996,513.0079450000069,0.06337975305814073,0.9999999999999999,513.1913440000138,0.4029271332228142,0.037500000000000026
507.45730500000724,0.5977360056884712,0.0,514.0066810000071,0.14167301008388114,0.9999999999999999,514.1401160000142,0.52108268517676,0.0
508.4483070000075,0.9549683339561584,0.0,515.0108050000072,0.15236395996401153,0.9999999999999999,515.0783000000146,0.31545017685740245,0.13125
509.454633000008,1.0367326712264129,0.0,516.0000170000067,0.11877796414651745,0.9999999999999999,516.0586750000147,0.24314223638069352,0.35416666666666663
510.4481770000084,0.7885652928854097,0.0,516.997292000007,0.11389872169912794,0.9999999999999999,517.0783220000147,0.31072101707239325,0.14374999999999996
511.4455330000086,0.28565474417310016,0.19861111111111113,518.0007540000071,0.14051234672355808,0.9999999999999999,518.031321000015,0.4000859355975267,0.040625000000000015
512.4580470000088,0.1590345725784259,0.9999999999999999,518.9893770000072,0.18103979018928895,0.8159722222222222,519.0936210000151,0.3566133234351716,0.07187499999999998
513.4454140000094,0.18217002677985955,0.7916666666666667,519.9946540000072,0.2546173435791557,0.3006944444444445,520.0283820000155,0.3667307184004593,0.065625
514.4449580000095,0.1532994117680563,0.9999999999999999,520.9885990000074,0.25128836723064796,0.3055555555555556,521.0232940000155,0.40594487568315113,0.037500000000000026
515.4463140000097,0.18623310412361666,0.7576388888888889,521.9910890000074,0.15615774512810318,0.9999999999999999,522.0088030000155,0.6275131271314843,0.0
516.4408470000097,0.24505552191004001,0.34930555555555554,522.9836100000075,0.13271503928808803,0.9999999999999999,523.0094230000158,0.5376169298549693,0.0
517.4318940000101,0.9428400933903696,0.0,523.9990100000074,0.16573783993897523,0.9468749999999999,524.0109860000157,0.340034911981454,0.10312499999999995
518.4333050000107,0.9192081364399826,0.0,524.9789390000072,0.195216381095584,0.675,525.0072540000151,0.2677645314267936,0.2666666666666667
519.4401740000112,0.6028811433195084,0.0,525.9776460000078,0.14235610295344805,0.9999999999999999,526.0396330000154,0.5779916601657159,0.0
520.4356520000119,0.5202185579600551,0.0,526.9803420000079,0.13859776621757836,0.9999999999999999,527.0506090000147,0.6376758749754545,0.0
521.4339360000121,0.41994220097189217,0.021875000000000002,527.9887060000082,0.08764026543217361,0.9999999999999999,528.0179630000147,0.8217895891128675,0.0
522.4215330000121,0.4943569169501737,0.0,528.9798470000077,0.10109185634470154,0.9999999999999999,529.0007940000138,1.2099675403986527,0.0
523.4234130000125,0.19852933011245716,0.6555555555555556,529.9764440000073,0.10196090526212567,0.9999999999999999,530.006467000014,0.66799233481374,0.0
524.4238750000126,0.09793521699899672,0.9999999999999999,530.980718000007,0.08747401076003478,0.9999999999999999,531.077089000015,0.6238539624236823,0.0
525.4188750000118,0.12592261916942699,0.9999999999999999,531.9745340000071,0.08895885313629331,0.9999999999999999,531.9941510000151,1.3799073823639925,0.0
526.4167530000111,0.15620953753928088,0.9999999999999999,532.9638830000072,0.1359558102759027,0.9999999999999999,532.9993200000149,1.3161019416578645,0.0
527.4267200000098,0.17529370363008065,0.8843749999999999,533.9732630000067,0.15359022403140093,0.9999999999999999,533.9899210000139,0.47287222200043877,0.0
528.4121580000087,0.1341375632518895,0.9999999999999999,534.9712630000071,0.08667820075431751,0.9999999999999999,534.9963950000136,0.388963274756628,0.05312499999999997
529.4212200000084,0.10847098345300256,0.9999999999999999,535.9738750000071,0.09965611781297953,0.9999999999999999,535.9996470000127,0.26238956985834766,0.28125
530.4116410000079,0.16937199722433238,0.9156249999999999,536.9572640000076,0.21085387738327263,0.5972222222222221,536.9938090000139,0.17417470012808312,0.8937499999999999
531.4131650000082,0.22388802660287543,0.4708333333333333,537.9577930000078,0.21708771742834948,0.5291666666666667,537.9876610000141,0.1858967668410829,0.7722222222222224
532.4070580000083,0.17786855525549614,0.8500000000000002,538.9564220000075,0.17144252250937445,0.9062499999999999,538.9780640000147,0.16624334200531682,0.94375
533.4220000000088,0.1585986298011565,0.9999999999999999,539.9540380000079,0.13792369433223042,0.9999999999999999,540.0026680000148,0.14140167634062387,0.9999999999999999
534.4089770000089,0.1389738811787659,0.9999999999999999,540.9494490000076,0.10762171109671467,0.9999999999999999,540.9769030000155,0.19728472253329807,0.6701388888888888
535.4089220000094,0.12576289304423846,0.9999999999999999,541.950125000008,0.13606145930148297,0.9999999999999999,541.9941340000147,0.22775795904207025,0.44166666666666665
536.4018030000092,0.11788197770332608,0.9999999999999999,542.9628150000077,0.1369748125036746,0.9999999999999999,542.9775930000146,0.23681758233593272,0.37361111111111117
537.4179540000083,0.14916011221909162,0.9999999999999999,543.9502300000087,0.1366825705841945,0.9999999999999999,544.0280330000151,0.395290980675554,0.04687499999999999
538.3972430000078,0.6495963055937684,0.0,544.9446290000085,0.1570620033264959,0.9999999999999999,544.9903790000149,0.26991595837148,0.2618055555555555
539.3938710000084,1.7723237412575457,0.0,545.9517340000089,0.14346628440718964,0.9999999999999999,545.9773530000147,0.19689136869957227,0.6701388888888888
540.3907530000076,1.0964166842960519,0.0,546.9395450000093,0.11067161546798968,0.9999999999999999,547.0011950000151,0.283743282682792,0.20833333333333331
541.3898240000073,1.2669414440189715,0.0,547.9355740000088,0.1538035786051886,0.9999999999999999,547.9740140000155,0.37182601112018093,0.06250000000000001
542.3941060000079,0.6806275343662253,0.0,548.9380720000088,0.12719923849563192,0.9999999999999999,548.972586000016,0.28420548495625614,0.20833333333333331
543.4067560000069,0.4686600393193809,0.0,549.9466480000094,0.13689537637941426,0.9999999999999999,549.9635540000156,0.1840696599839853,0.7819444444444446
544.404998000006,0.33961293617242866,0.10312499999999995,550.9285740000104,0.1665293504413398,0.94375,550.9981660000154,0.277044931394598,0.23750000000000002
545.3825290000066,0.12098743374903467,0.9999999999999999,551.9544060000098,0.21587200461199738,0.54375,551.964175000015,0.39855947016564763,0.040625000000000015
546.3924850000061,0.21025135613144266,0.5972222222222221,552.9526580000097,0.24036772649614718,0.3590277777777777,552.9571870000152,0.33932011982932236,0.10625000000000002
547.3933890000059,0.738334970886025,0.0,553.9279680000097,0.1240049792816699,0.9999999999999999,553.9685340000151,0.3801095795003658,0.05624999999999996
548.3813390000054,0.45917781096495974,0.0,554.9358680000092,0.12671955398712922,0.9999999999999999,554.9544080000136,0.38327699529450426,0.05624999999999996
549.3792390000051,0.19278531985215203,0.6993055555555556,555.9164720000092,0.11678730971407396,0.9999999999999999,556.0031560000137,0.24526222794666125,0.34930555555555554
550.3824090000046,0.21385647099950839,0.5583333333333333,556.9212300000095,0.12375519594545654,0.9999999999999999,556.9783730000137,0.14259171276466387,0.9999999999999999
551.3763070000048,0.1529580290551921,0.9999999999999999,557.9166400000095,0.1256352169827713,0.9999999999999999,557.9797120000135,0.16193322150002865,0.9843749999999999
552.375766000004,0.11742414905644115,0.9999999999999999,558.9305200000093,0.0934053877665752,0.9999999999999999,559.0475900000143,0.10433877012682732,0.9999999999999999
553.3691330000042,0.12182599654239365,0.9999999999999999,559.9160160000089,0.10739135626578478,0.9999999999999999,560.0177800000147,0.08854148320261078,0.9999999999999999
554.3771620000038,0.13851001514383937,0.9999999999999999,560.9134080000092,0.11710112020639543,0.9999999999999999,560.9413700000147,0.12514281017539458,0.9999999999999999
555.3726170000039,0.1924125262030974,0.7041666666666667,561.909582000009,0.10195004301601236,0.9999999999999999,561.9396600000142,0.11038950816603155,0.9999999999999999
556.3755100000033,0.16014306011394258,0.9999999999999999,562.9094170000094,0.10632007901211785,0.9999999999999999,562.9554000000139,0.11881733246058555,0.9999999999999999
557.3644710000025,0.12664927715548316,0.9999999999999999,563.9167440000101,0.12599036070970293,0.9999999999999999,563.9506340000135,0.17038945822416443,0.9124999999999999
558.3754410000026,0.24293527851299868,0.35416666666666663,564.9096760000095,0.09890511980240947,0.9999999999999999,564.9645170000132,0.1562858048892123,0.9999999999999999
559.3708820000023,0.29094060281648926,0.16944444444444443,565.9028480000089,0.13610829487735854,0.9999999999999999,565.9389320000131,0.11119580221399872,0.9999999999999999
560.3599250000013,0.1885853240408914,0.7333333333333333,566.9058570000088,0.11784542501275398,0.9999999999999999,566.9324020000129,0.11803360860983571,0.9999999999999999
561.3581970000018,0.12467489051602973,0.9999999999999999,567.9290100000094,0.15533170891576428,0.9999999999999999,567.9534700000128,0.15049048605981533,0.9999999999999999
562.3697270000007,0.1187774058704449,0.9999999999999999,568.8994790000096,0.11662413744926621,0.9999999999999999,568.9376340000119,0.08811697122059764,0.9999999999999999
563.3537320000014,0.15643766595304956,0.9999999999999999,569.8998130000091,0.11612146468792688,0.9999999999999999,569.9427510000119,0.09871340808437783,0.9999999999999999
564.3561170000016,0.18299061252430085,0.7868055555555556,570.8932650000081,0.14085519227647916,0.9999999999999999,570.9375690000123,0.15379479469044566,0.9999999999999999
565.350443000002,0.14251939548830322,0.9999999999999999,571.8937850000084,0.3248076545230153,0.12812499999999993,571.9645890000133,0.20872560410443722,0.6020833333333334
566.3689470000004,0.12480526471682692,0.9999999999999999,572.8868470000086,0.421150324662001,0.021875000000000002,572.9265420000127,0.2129570006834531,0.5680555555555555
567.356988000001,0.14822095750093844,0.9999999999999999,573.8872630000078,0.28104678248517767,0.22777777777777783,573.9598840000128,0.22428074536857123,0.46597222222222223
568.3569450000008,0.12673759608402121,0.9999999999999999,574.9012160000075,0.14414988091013303,0.9999999999999999,574.9281580000129,0.1719064289364655,0.9062499999999999
569.3497940000003,0.11410707008924344,0.9999999999999999,575.8894820000085,0.1203518795496772,0.9999999999999999,575.9146890000122,0.1791390691230455,0.8451388888888891
570.3468939999998,0.09688590269110664,0.9999999999999999,576.885796000009,0.11025557445562886,0.9999999999999999,576.9151820000117,0.1956344944314385,0.675
571.3562069999996,0.11233865813523461,0.9999999999999999,577.8850720000095,0.10661306164305775,0.9999999999999999,577.9162580000115,0.13756314416038581,0.9999999999999999
572.3447319999989,0.3323835569266693,0.11562499999999999,578.8840710000095,0.10862531417554391,0.9999999999999999,578.9127950000114,0.16310829493198725,0.9781249999999999
573.3591819999986,0.35543370148809816,0.07187499999999998,579.8770160000093,0.0913913198688398,0.9999999999999999,579.9093860000119,0.18003542232087402,0.8305555555555555
574.3446259999979,0.22911608553818386,0.4222222222222223,580.8773840000096,0.09498643639968313,0.9999999999999999,580.9133660000108,0.21497421515606943,0.5583333333333333
575.334167999997,0.2509066378870315,0.3055555555555556,581.8722140000087,0.0926261146986941,0.9999999999999999,581.9108300000116,0.187636806400688,0.7430555555555556
576.3465289999972,0.4902103366340092,0.0,582.8798460000085,0.08821771201213953,0.9999999999999999,582.9065510000107,0.11224810590991292,0.9999999999999999
577.3400609999964,0.7416176477953066,0.0,583.8717020000078,0.1492411334693374,0.9999999999999999,583.9069610000103,0.09708768213666345,0.9999999999999999
578.3570369999959,0.7790888654960672,0.0,584.8693500000086,0.1672496996110308,0.9374999999999999,584.90206800001,0.1039099488970129,0.9999999999999999
579.3344669999967,0.4970003862027312,0.0,585.8696210000089,0.19258978850410738,0.7041666666666667,585.9001010000098,0.06067954119520232,0.9999999999999999
580.3322989999969,0.5551446483805628,0.0,586.8642270000082,0.10696822308122177,0.9999999999999999,586.9195890000104,0.0835945049553676,0.9999999999999999
581.326834999996,0.7974022376206443,0.0,587.8616650000083,0.1391307226276615,0.9999999999999999,,,
582.3218139999952,0.87298853646905,0.0,588.8611280000088,0.1292828748162178,0.9999999999999999,,,
583.3241969999946,1.1308213727602603,0.0,589.8584560000079,0.11835751120471594,0.9999999999999999,,,
584.3177289999935,3.1605997690263505,0.0,,,,,,
585.3205839999936,1.811287700963497,0.0,,,,,,
586.3145449999936,0.6495215858234488,0.0,,,,,,
587.3329309999934,0.8005272677586108,0.0,,,,,,
588.3138909999924,1.1632682692881429,0.0,,,,,,
589.3112929999925,0.6707736823289537,0.0,,,,,,
590.3143869999926,0.3121813114566928,0.14062499999999997,,,,,,
591.3127669999923,0.4373677419038883,0.015625000000000024,,,,,,
592.3106799999922,0.7546085476103396,0.0,,,,,,
593.3077309999921,0.4986355474124253,0.0,,,,,,
594.3051769999914,0.512842192067295,0.0,,,,,,
