subject,group,c1_tbr_mean,c1_tbr_median,c1_tbr_std,c1_tbr_iqr,c1_tbr_min,c1_tbr_max,c1_tbr_p25,c1_tbr_p75,c1_tbr_slope,c1_tbr_trend_r,c1_tbr_leQ25_prop_focus,c1_tbr_leQ25_n_episodes,c1_tbr_leQ25_eps_per_min,c1_tbr_leQ25_mean_sustain_s,c1_tbr_leQ25_median_sustain_s,c1_tbr_leQ25_max_sustain_s,c1_tbr_leQ25_total_time_focus_s,c1_tbr_leQ25_first_reach_s,c1_tbr_leQ25_mean_gap_s,c1_tbr_leQ25_median_gap_s,c1_tbr_leQ33_prop_focus,c1_tbr_leQ33_n_episodes,c1_tbr_leQ33_eps_per_min,c1_tbr_leQ33_mean_sustain_s,c1_tbr_leQ33_median_sustain_s,c1_tbr_leQ33_max_sustain_s,c1_tbr_leQ33_total_time_focus_s,c1_tbr_leQ33_first_reach_s,c1_tbr_leQ33_mean_gap_s,c1_tbr_leQ33_median_gap_s,c1_tbr_leQ50_prop_focus,c1_tbr_leQ50_n_episodes,c1_tbr_leQ50_eps_per_min,c1_tbr_leQ50_mean_sustain_s,c1_tbr_leQ50_median_sustain_s,c1_tbr_leQ50_max_sustain_s,c1_tbr_leQ50_total_time_focus_s,c1_tbr_leQ50_first_reach_s,c1_tbr_leQ50_mean_gap_s,c1_tbr_leQ50_median_gap_s,c1_tbr_geQ67_prop_focus,c1_tbr_geQ67_n_episodes,c1_tbr_geQ67_eps_per_min,c1_tbr_geQ67_mean_sustain_s,c1_tbr_geQ67_median_sustain_s,c1_tbr_geQ67_max_sustain_s,c1_tbr_geQ67_total_time_focus_s,c1_tbr_geQ67_first_reach_s,c1_tbr_geQ67_mean_gap_s,c1_tbr_geQ67_median_gap_s,c2_tbr_mean,c2_tbr_median,c2_tbr_std,c2_tbr_iqr,c2_tbr_min,c2_tbr_max,c2_tbr_p25,c2_tbr_p75,c2_tbr_slope,c2_tbr_trend_r,c2_tbr_leQ25_prop_focus,c2_tbr_leQ25_n_episodes,c2_tbr_leQ25_eps_per_min,c2_tbr_leQ25_mean_sustain_s,c2_tbr_leQ25_median_sustain_s,c2_tbr_leQ25_max_sustain_s,c2_tbr_leQ25_total_time_focus_s,c2_tbr_leQ25_first_reach_s,c2_tbr_leQ25_mean_gap_s,c2_tbr_leQ25_median_gap_s,c2_tbr_leQ33_prop_focus,c2_tbr_leQ33_n_episodes,c2_tbr_leQ33_eps_per_min,c2_tbr_leQ33_mean_sustain_s,c2_tbr_leQ33_median_sustain_s,c2_tbr_leQ33_max_sustain_s,c2_tbr_leQ33_total_time_focus_s,c2_tbr_leQ33_first_reach_s,c2_tbr_leQ33_mean_gap_s,c2_tbr_leQ33_median_gap_s,c2_tbr_leQ50_prop_focus,c2_tbr_leQ50_n_episodes,c2_tbr_leQ50_eps_per_min,c2_tbr_leQ50_mean_sustain_s,c2_tbr_leQ50_median_sustain_s,c2_tbr_leQ50_max_sustain_s,c2_tbr_leQ50_total_time_focus_s,c2_tbr_leQ50_first_reach_s,c2_tbr_leQ50_mean_gap_s,c2_tbr_leQ50_median_gap_s,c2_tbr_geQ67_prop_focus,c2_tbr_geQ67_n_episodes,c2_tbr_geQ67_eps_per_min,c2_tbr_geQ67_mean_sustain_s,c2_tbr_geQ67_median_sustain_s,c2_tbr_geQ67_max_sustain_s,c2_tbr_geQ67_total_time_focus_s,c2_tbr_geQ67_first_reach_s,c2_tbr_geQ67_mean_gap_s,c2_tbr_geQ67_median_gap_s,d_tbr_mean,d_tbr_median,d_tbr_std,d_tbr_iqr,d_tbr_min,d_tbr_max,d_tbr_p25,d_tbr_p75,d_tbr_slope,d_tbr_trend_r,d_tbr_leQ25_prop_focus,d_tbr_leQ25_n_episodes,d_tbr_leQ25_eps_per_min,d_tbr_leQ25_mean_sustain_s,d_tbr_leQ25_median_sustain_s,d_tbr_leQ25_max_sustain_s,d_tbr_leQ25_total_time_focus_s,d_tbr_leQ25_first_reach_s,d_tbr_leQ25_mean_gap_s,d_tbr_leQ25_median_gap_s,d_tbr_leQ33_prop_focus,d_tbr_leQ33_n_episodes,d_tbr_leQ33_eps_per_min,d_tbr_leQ33_mean_sustain_s,d_tbr_leQ33_median_sustain_s,d_tbr_leQ33_max_sustain_s,d_tbr_leQ33_total_time_focus_s,d_tbr_leQ33_first_reach_s,d_tbr_leQ33_mean_gap_s,d_tbr_leQ33_median_gap_s,d_tbr_leQ50_prop_focus,d_tbr_leQ50_n_episodes,d_tbr_leQ50_eps_per_min,d_tbr_leQ50_mean_sustain_s,d_tbr_leQ50_median_sustain_s,d_tbr_leQ50_max_sustain_s,d_tbr_leQ50_total_time_focus_s,d_tbr_leQ50_first_reach_s,d_tbr_leQ50_mean_gap_s,d_tbr_leQ50_median_gap_s,d_tbr_geQ67_prop_focus,d_tbr_geQ67_n_episodes,d_tbr_geQ67_eps_per_min,d_tbr_geQ67_mean_sustain_s,d_tbr_geQ67_median_sustain_s,d_tbr_geQ67_max_sustain_s,d_tbr_geQ67_total_time_focus_s,d_tbr_geQ67_first_reach_s,d_tbr_geQ67_mean_gap_s,d_tbr_geQ67_median_gap_s
S04,1,0.41476814964310615,0.0547278119218475,0.534765228595734,0.7820291222987863,0.0145901920593795,3.129423863276988,0.032107396418888795,0.8141365187176751,-0.0024095235273745123,-0.7884109742460469,0.2504118616144975,36,3.569403973389026,4.633621559999738,3.990440999999919,12.998857000000498,115.84053899999344,323.57925200000204,4.734950200000559,3.0153730000012047,0.32948929159802304,31,3.0736534215294395,8.031634999999794,3.963124999999991,26.95098600000017,168.66433499999567,278.64422399999387,5.261149633334183,3.48836799999998,0.500823723228995,26,2.5779028696698525,11.567621666667316,3.0061505000000466,158.71895499999601,277.6229200000156,235.6802419999923,3.6735954400002844,3.0163479999992546,0.32948929159802304,19,1.8838520970664305,10.637109764705617,5.977520999999541,47.90795100000015,180.8308659999955,0.0,2.8812932777776177,2.020403500000036,0.41026253048197603,0.049018142268332204,0.7934328031625625,0.6417774880806384,0.0152155669134958,9.899466785748793,0.0356036378673852,0.6773811259480236,-0.002222448407555725,-0.4761184694171858,0.16440677966101694,43,4.387631606627509,2.56381047619031,1.9898779999998055,6.989934999999548,53.840019999996514,229.48644100000033,6.8455839761902535,4.980442499999782,0.28135593220338984,57,5.816162827389953,2.7873751538459657,1.9859989999993104,11.992050999998128,108.70763099999266,228.47641500000046,4.332483767857036,3.542092000000025,0.5542372881355933,25,2.5509486085043656,12.54453941666592,10.911842999999578,52.895398999995905,301.0689459999821,225.4819930000002,2.561067125000124,2.0084410000003174,0.28983050847457625,32,3.2652142188855877,4.622803800000014,3.011468499998749,15.946552999999696,138.68411400000042,1.9889440000000214,14.395517290322072,2.9828610000001987,-0.0045056191611301255,-0.005709669653515298,0.25866757456682843,-0.1402516342181479,0.0006253748541163,6.770042922471804,0.003496241448496404,-0.13675539276965154,0.00018707511981878736,0.3122925048288611,-0.08600508195348058,7,0.8182276332384828,-2.069811083809428,-2.0005630000001133,-6.0089220000009504,-62.00051899999693,-94.09281100000172,2.1106337761896947,1.9650694999985774,-0.0481333593946332,26,2.7425094058605137,-5.2442598461538275,-1.9771260000006805,-14.958935000002043,-59.956704000003015,-50.16780899999341,-0.9286658654771474,0.05372400000004518,0.05341356490659821,-1,-0.026954261165486937,0.9769177499986039,7.905692499999532,-105.82355600000011,23.44602599996648,-10.198248999992103,-1.1125283150001604,-1.0079069999989372,-0.039658783123446784,13,1.3813621218191572,-6.014305964705603,-2.9660525000007922,-31.961398000000457,-42.146751999995075,1.9889440000000214,11.514224012544455,0.9624575000001627
S06,1,2.0680398550674077,1.9432892533670003,0.8943829781372785,0.947755166152233,0.668065663391638,7.386968782255925,1.5001433075602966,2.4478984737125296,-0.002127991490084656,-0.4044911367191543,0.25084745762711863,35,3.5720073884964703,4.178030037037297,2.985683000000563,25.953694000002713,112.80681100000703,86.82346100000133,11.419836676470826,3.991163499999942,0.3305084745762712,40,4.08229415828168,6.448315625000375,2.497459499999451,37.93967000000424,154.759575000009,24.94594899999935,10.466646025641234,3.9935010000002933,0.5,64,6.531670653250688,5.242056977273017,2.0064440000001014,85.8643910000082,230.65050700001274,10.973639999999715,5.49651701587308,4.968204000000242,0.3305084745762712,62,6.327555945336604,2.8850073695652854,2.0038550000001862,10.994564000001674,132.71033900000313,1.0035810000000254,7.085635524590368,4.982981999999822,1.608349015570105,1.5088852253253142,0.5711291405742345,0.6523592828149885,0.3774386831132645,5.7355229306145565,1.2461519220779114,1.8985112048928998,-0.001334526949949486,-0.3958109974908236,0.48639455782312924,69,7.067373677852307,4.81276962222252,2.9929970000008552,22.964180999995847,216.57463300001342,9.989137999999713,5.253490647058875,3.990722000000318,0.6037414965986394,71,7.272225088804547,5.558358882353197,3.9840270000001965,42.93411199999707,283.47630300001305,9.989137999999713,4.161923542857196,3.0009919999998402,0.7738095238095238,61,6.247968034043343,7.41905937735872,4.000192999999399,44.92639599999711,393.21014700001217,9.989137999999713,3.043186066666741,2.9852700000003267,0.10034013605442177,35,3.5848996916642135,1.405844470588335,0.9993470000000428,3.9890479999999204,23.899356000001696,1.0000630000000061,16.379742647059256,8.981977499999783,-0.4596908394973027,-0.4344040280416861,-0.32325383756304404,-0.29539588333724454,-0.29062698027837347,-1.6514458516413688,-0.2539913854823852,-0.5493872688196297,0.0007934645401351701,0.008680139228330719,0.2355471001960106,34,3.4953662893558364,0.6347395851852227,0.007314000000292253,-2.989513000006866,103.76782200000639,-76.83432300000162,-6.166346029411951,-0.0004414999996242841,0.2732330220223682,31,3.189930930522867,-0.8899567426471782,1.4865675000007457,4.99444199999283,128.71672800000405,-14.956810999999636,-6.304722482784038,-0.9925090000004531,0.27380952380952384,-3,-0.28370261920734485,2.177002400085703,1.9937489999992977,-40.937995000011085,162.55963999999943,-0.9845020000000027,-2.4533309492063387,-1.982933999999915,-0.23016833852184942,-27,-2.7426562536723904,-1.4791628989769503,-1.0045080000001434,-7.005516000001753,-108.81098300000144,-0.003518000000019228,9.294107122468887,3.9989954999999604
S08,1,3.201622919356859,2.3539779881496354,4.576399752531465,2.7749165094583743,0.0679831467201474,51.61755777931083,0.5412896854276286,3.3162061948860027,-0.01098398353421979,-0.40934054742633563,0.25,4,0.4069080246362002,35.93956350000106,28.956243499998664,76.85510300000504,143.75825400000423,434.10286100000405,3.984254333333221,2.9920350000012377,0.3310810810810811,29,2.9500831786124513,16.66457100000057,1.4939149999999444,96.80819000000844,166.6457100000057,0.0,15.11314885714294,11.475920499999873,0.5,51,5.188077314111553,6.607765810811039,1.9999309999997763,98.80773400000851,244.48733500000844,0.0,6.906530859999991,5.4854709999999045,0.3310810810810811,49,4.9846233017934525,3.668378425000026,2.9882439999995682,15.970589000000018,146.73513700000103,1.9937610000000277,8.003867770833518,4.993619999999638,2.061555449461338,2.119953165022876,1.565445018712615,2.914761329972614,0.0517420675215559,7.353765938662661,0.16419039406835093,3.078951724040965,-0.00578876929284693,-0.6371967771408135,0.2976588628762542,2,0.20136558656722023,87.85712500000199,87.85712500000199,120.79630600000382,175.71425000000397,416.2286170000032,3.9881559999996625,3.9881559999996625,0.3745819397993311,30,3.0204837985083035,13.833603500000265,1.0004319999998543,121.8039510000043,193.6704490000037,18.96764799999945,13.21699744827599,4.983580000000067,0.5585284280936454,56,5.638236423882167,7.115667923077094,1.9962590000002933,126.81120800000525,277.51104900000666,0.0,5.789454072727276,3.9946919999997874,0.26755852842809363,52,5.235505250747726,3.173675735294143,1.0148405000001617,26.95275800000229,107.90497500000087,3.9898640000000434,8.39479096078443,3.9885619999999236,-1.1400674698955209,-0.23402482312675943,-3.01095473381885,0.13984482051423974,-0.016241079198591496,-44.26379184064817,-0.37709929135927767,-0.2372544708450377,0.005195214241372859,-0.22785622971447783,0.047658862876254204,-2,-0.20554243806897995,51.91756150000093,58.90088150000332,43.94120299999878,31.955995999999743,-17.87424400000083,0.003901666666441539,0.9961209999984248,0.04350085871824999,1,0.07040061989585222,-2.8309675000003054,-0.49348300000009004,24.995760999995866,27.02473899999802,18.96764799999945,-1.8961514088669507,-6.492340499999806,0.058528428093645446,5,0.45015910977061413,0.5079021122660548,-0.0036719999994829777,28.003473999996743,33.02371399999822,0.0,-1.1170767872727154,-1.490779000000117,-0.06352255265298745,3,0.25088194895427396,-0.4947026897058828,-1.9734034999994066,10.982169000002273,-38.83016200000016,1.9961030000000157,0.3909231899509127,-1.005057999999714
S09,1,1.3391376598394589,1.1378369056054298,0.9038334667834915,0.6454318404239737,0.4082430247914463,11.047572142938067,0.8725226098623119,1.5179544502862856,0.0005593441172706355,0.10484246644883212,0.25,53,5.427835847086996,2.840265696969644,1.9757910000001004,12.968310999999627,93.72876799999824,4.002647000000016,9.349486980769298,5.481701500000767,0.3299319727891156,66,6.759191809580033,3.189357999999936,1.9959839999998934,13.968195999999605,127.57431999999744,4.002647000000016,6.958888784615451,3.9990299999999763,0.5,75,7.680899783613673,3.897877249999946,2.005704999999608,26.929261000000693,218.28112599999696,4.002647000000016,4.913311986486545,3.996964000000361,0.3299319727891156,71,7.271251795154277,2.55811818750005,1.9955599999996139,9.95782599999967,122.7896730000024,0.0,6.501286171428583,3.995476500000649,1.604033639346821,1.0648663827825675,3.967988324908093,1.0276426612773002,0.1613545807379847,65.72610112106837,0.5487777313867143,1.5764203926640143,0.003196173249239645,0.13580487818505932,0.4,28,2.881487264008927,10.283268949999913,3.9950324999999296,96.81290500000331,205.66537899999827,0.0,9.908533851852054,2.9959559999996372,0.4547008547008547,36,3.704769339440049,12.085013947368333,4.990338000000293,96.81290500000331,229.61526499999832,0.0,10.097628114285946,5.97813200000104,0.5401709401709401,45,4.630961674300061,10.406408076923075,3.491605500000304,96.81290500000331,270.56660999999997,0.0,7.101491795454693,5.98594750000035,0.3384615384615385,48,4.939692452586732,4.405370294117689,3.494999500000006,11.98387599999819,149.78259000000142,6.980429999999911,9.027250191489482,3.003735999999776,0.2648959795073622,-0.07297052282286232,3.0641548581246014,0.38221082085332647,-0.2468884440534616,54.6785289781303,-0.32374487847559763,0.05846594237772873,0.0026368291319690098,0.0309624117362272,0.15000000000000002,-25,-2.546348583078069,7.44300325303027,2.019241499999829,83.84459400000368,111.93661100000003,-4.002647000000016,0.5590468710827565,-2.48574550000113,0.12476888191173907,-30,-3.0544224701399836,8.895655947368397,2.994354000000399,82.8447090000037,102.04094500000087,-4.002647000000016,3.1387393296704955,1.9791020000010633,0.04017094017094014,-30,-3.0499381093136115,6.5085308269231295,1.485900500000696,69.88364400000262,52.28548400000301,-4.002647000000016,2.1881798089681475,1.9889834999999891,0.008529565672422856,-23,-2.3315593425675454,1.8472521066176388,1.499439500000392,2.02604999999852,26.992916999999025,6.980429999999911,2.5259640200608997,-0.9917405000008728
S10,2,1.626707858590401,1.5047018681866826,0.6949310170942358,0.5764252315029523,0.6945947122686444,7.654266923519282,1.242692073644061,1.8191173051470133,-0.001317898303250217,-0.32080650185960996,0.2504258943781942,64,6.564190771117329,1.929740139534782,1.0095230000000441,5.985916999999404,82.97882599999562,82.83127600000088,6.622274174603268,3.993908999999462,0.33049403747870526,66,6.7693217327147455,2.7192911276595035,2.000952999999697,9.995683000001122,127.80668299999667,18.97971799999947,6.711184215384711,3.992680999999891,0.5008517887563884,81,8.307803944695369,3.6025171694914717,2.0035929999999382,14.97924799999953,212.54851299999683,17.963551999999506,4.431000925000073,2.996987999999874,0.33049403747870526,63,6.46162529031862,3.2700421500000316,1.997104500000063,17.975254000000078,130.80168600000127,0.0,7.116271983871019,3.9985195000000147,1.1348596352307028,1.0781560342715863,0.3722789716566931,0.40793572037406833,0.3900996676749739,4.05293983962986,0.9111459825401906,1.319081702914259,-0.0003146002369948015,-0.14297003930233365,0.6916524701873935,69,7.076259311703426,6.349008981132174,2.9912339999991673,26.962977999997975,336.49747600000524,0.0,3.640468779411755,2.992965000000069,0.737649063032368,65,6.666041380590184,6.933106603773658,2.9989889999995967,37.93510200000155,367.4546500000039,0.0,3.3842922343750104,2.9916595000004804,0.8875638841567292,42,4.307288276689042,12.26463674358986,5.991326000000697,78.85815400000325,478.32083300000454,0.0,2.603269292682902,2.0026059999999006,0.056218057921635436,21,2.153644138344521,1.3326285555555686,1.0022309999995969,2.9932989999999986,11.993657000000118,0.9973430000000167,27.10616270000031,9.481999499999489,-0.49184822335969813,-0.42654583391509626,-0.32265204543754267,-0.168489511128884,-0.30449504459367055,-3.601327083889422,-0.33154609110387034,-0.5000356022327543,0.0010032980662554153,0.1778364625572763,0.44122657580919933,5,0.512068540586097,4.419268841597392,1.9817109999991231,20.97706099999857,253.51865000000961,-82.83127600000088,-2.981805395191513,-1.000943999999393,0.40715502555366273,-1,-0.10328035212456133,4.213815476114155,0.9980359999998996,27.939419000000427,239.6479670000072,-18.97971799999947,-3.326891981009701,-1.0010214999994105,0.3867120954003408,-39,-4.000515668006327,8.662119574098387,3.987733000000759,63.878906000003724,265.7723200000077,-17.963551999999506,-1.827731632317171,-0.9943819999999732,-0.27427597955706984,-42,-4.307981151974099,-1.937413594444463,-0.994873500000466,-14.98195500000008,-118.80802900000116,0.9973430000000167,19.989890716129292,5.483479999999474
S11,2,1.1524661428608276,1.0248307743993867,0.5857675720190263,0.46431848134134857,0.2852510624980525,7.57959558858036,0.8419645769791346,1.3062830583204832,0.0009759819641433984,0.2817604310193378,0.2504258943781942,62,6.361213875970011,2.422264314285822,1.9854759999998635,8.976864999999066,84.77925100000377,6.979308999999834,7.68985319672169,4.996500999999803,0.33049403747870526,67,6.874214994999851,2.5331004000001247,1.9955185000001023,9.985266999998885,126.65502000000625,0.0,6.593571757576068,4.506025499999851,0.5008517887563884,72,7.38721611402969,4.02676681818199,2.0016140000000178,21.957878000004342,221.47217500000943,0.0,4.89220885915516,3.9839089999999686,0.33049403747870526,65,6.669014547387915,3.218560500000058,2.0034839999997587,14.967672999997944,128.7424200000023,4.969365999999916,7.048160312500345,4.467925500000249,1.9630317633657144,1.2161279704678836,5.961266193877458,0.8673857283769647,0.2282432320721085,113.59331546884636,0.8392657615207092,1.706651489897674,0.003759572241408461,0.10466867831313262,0.2534722222222222,42,4.391044288833742,4.31333750000037,1.9989904999998664,15.974628000000074,103.52010000000888,11.936673999999694,11.18142924390356,6.972504000006097,0.2795138888888889,48,5.018336330095705,4.165875888889234,1.9927290000006224,22.957858000000158,112.47864900000933,4.979790000000005,9.711424127660539,6.021994000002962,0.3697916666666667,59,6.168371739075971,3.749139463414895,1.9959079999994742,26.934131000000264,153.7147180000107,1.982195000000031,7.210318275862827,3.997491500000123,0.5034722222222222,67,7.004761127425255,4.290872365385094,2.974753500000091,25.909244000005913,223.1253630000249,0.0,5.207453348485275,3.958200999999832,0.8105656205048868,0.19129719606849682,5.375498621858432,0.40306724703561614,-0.057007830425943984,106.013719880266,-0.00269881545842543,0.4003684315771907,0.0027835902772650628,-0.17709175270620517,0.0030463278440280295,-20,-1.9701695871362697,1.8910731857145477,0.013514500000002982,6.997763000001008,18.740849000005113,4.957364999999861,3.49157604718187,1.976003000006294,-0.050980148589816365,-19,-1.8558786649041457,1.6327754888891093,-0.002789499999479972,12.972591000001273,-14.17637099999692,4.979790000000005,3.1178523700844707,1.5159685000031118,-0.13106012208972168,-13,-1.2188443749537194,-0.2776273547670951,-0.005706000000543554,4.976252999995921,-67.75745699999874,1.982195000000031,2.3181094167076672,0.013582500000154596,0.17297818474351695,2,0.33574658003733937,1.072311865385036,0.9712695000003322,10.941571000007968,94.38294300002258,-4.969365999999916,-1.8407069640150695,-0.5097245000004174
S12,2,0.8280528695050363,0.7719940875833118,0.36717951203035726,0.4103908450504945,0.2912786601610163,4.11380808575181,0.5844895951150539,0.9948804401655484,-0.0008242843285767349,-0.3820399001996511,0.25042301184433163,45,4.588129167391391,3.8051691111111436,1.9900009999999497,20.958677000004798,102.73956600000088,36.8734029999997,10.201413204545322,4.979420500000131,0.3299492385786802,49,4.995962871159515,4.158969057142926,1.9905039999999303,20.958677000004798,145.56391700000242,36.8734029999997,8.459121458333179,4.005616000000373,0.5008460236886633,51,5.199879723043577,6.787023138888912,2.9891075000002445,51.884783000001335,244.33283300000085,31.89630799999964,6.244920179999884,3.989089499999551,0.3299492385786802,59,6.015547130579824,3.5704626842104568,1.9840529999995145,18.954902000001,135.67758199999736,0.0,7.119000706896551,3.9959840000000213,1.210455780351934,1.0835228022491072,0.5222558729999269,0.5139027727231124,0.4161182798898131,4.072071402455681,0.881153488107208,1.3950562608303203,0.0013013516828244548,0.4251913569851952,0.01854974704890388,9,0.915059410283076,0.9993990000000963,0.9993990000000963,1.0001630000001,1.9987980000001926,36.887312999999686,42.49210100000023,22.432453500000623,0.03541315345699832,12,1.220079213710768,1.1210071249999922,0.9973955000001524,1.9967979999997283,8.968056999999938,35.89174399999969,49.20714345454414,22.9292850000013,0.13659359190556492,43,4.371950515796919,1.5164478399999808,1.0021510000000262,2.99938800000006,37.91119599999952,2.993901000000001,12.981744809523466,5.488274000000317,0.6930860033726813,62,6.303742604172301,7.402676638297541,3.0030979999999943,88.73316899999872,347.9258019999844,6.97240699999991,3.856187032786859,2.994408000000192,0.3824029108468977,0.31152871466579546,0.15507636096956967,0.10351192767261785,0.12483961972879681,-0.04173668329612834,0.296663892992154,0.40017582066477186,0.0021256360114011896,0.8072312571848463,-0.23187326479542775,-36,-3.6730697571083146,-2.8057701111110473,-0.9906019999998534,-19.958514000004698,-100.74076800000068,0.013909999999988543,32.290687795454915,17.45303300000049,-0.2945360851216819,-37,-3.7758836574487464,-3.0379619321429336,-0.9931084999997779,-18.96187900000507,-136.5958600000025,-0.9816590000000076,40.74802199621096,18.923669000000928,-0.36425243178309835,-8,-0.8279292072466582,-5.270575298888931,-1.9869565000002183,-48.885395000001274,-206.42163700000134,-28.902406999999638,6.736824629523582,1.4991845000007658,0.36313676479400114,3,0.2881954735924772,3.832213954087084,1.0190450000004798,69.77826699999773,212.24821999998704,6.97240699999991,-3.262813674109692,-1.0015759999998295
S13,2,0.6844560621524272,0.4588617804073389,0.6819629934867398,0.4965236834870551,0.1416552516970741,4.69674780571734,0.30008729535941125,0.7966109788464664,-0.0024915019015092324,-0.6172345754715102,0.2504258943781942,37,3.799588474103081,4.215816615384483,2.977364500000334,18.936529999999436,109.61123199999656,281.1062479999998,5.3486684722223465,2.9949715000000765,0.33049403747870526,41,4.2103547956277385,5.083926166666657,3.493517000000537,20.93361899999951,152.51778499999972,280.10949499999987,3.791163025000027,2.991820000000189,0.5008517887563884,21,2.1565231880044515,16.015200588235054,6.98050599999948,66.79993000000167,272.25840999999593,78.73713900000125,11.663912600000174,2.002897499999875,0.33049403747870526,31,3.1834389918160952,6.769159708333251,2.9938260000001478,46.83618699999985,162.459832999998,0.0,3.855259866666728,2.982905499999646,0.26439301247287594,0.18496290764877044,0.2585328905556321,0.2276265204354213,0.0340064512360859,3.549686555520486,0.11439616291231935,0.34202268334774066,-0.0007692892979934918,-0.5020406039313017,0.7030716723549488,27,2.7764682578569513,18.2870094285717,2.9941279999999324,231.45143500000114,384.02719800000574,58.816322000000284,5.408905615384528,2.991228999999592,0.7235494880546075,27,2.7764682578569513,19.800517600000227,2.9969859999999855,231.45143500000114,396.01035200000456,57.81016100000028,4.9867135769230355,2.9898534999997395,0.8481228668941979,25,2.57080394246014,29.425219375000044,2.004348500000102,400.9850990000041,470.8035100000007,1.9725939999999937,4.612456750000128,2.9917145000000716,0.052901023890784986,13,1.3368180500792728,1.9955298888889965,1.003431000001001,4.987317999999787,17.959769000000968,0.0,46.378232416667025,4.9724405000002605,-0.4200630496795512,-0.27389887275856845,-0.4234301029311077,-0.2688971630516338,-0.10764880046098821,-1.1470612501968542,-0.1856911324470919,-0.4545882954987257,0.0017222126035157407,0.1151939715402085,0.45264577797675465,-10,-1.02312021624613,14.071192813187217,0.016763499999598253,212.5149050000017,274.4159660000092,-222.28992599999953,0.06023714316218154,-0.0037425000004844833,0.39305545057590224,-14,-1.4338865377707872,14.71659143333357,-0.4965310000005516,210.51781600000163,243.49256700000484,-222.2993339999996,1.1955505519230085,-0.0019665000004494004,0.34727107813780955,4,0.41428075445568835,13.41001878676499,-4.976157499999378,334.1851690000024,198.54510000000477,-76.76454500000125,-7.051455850000046,0.9888170000001963,-0.27759301358792027,-18,-1.8466209417368225,-4.773629819444254,-1.9903949999991468,-41.848869000000064,-144.50006399999705,0.0,42.5229725500003,1.9895350000006147
S14,2,2.172058918772077,1.883853453166819,1.7073127871679392,0.9236427742079685,0.6594344049191014,19.02886169126415,1.4244099130506216,2.34805268725859,0.0020872677541603044,0.20594581858690947,0.2512820512820513,54,5.562746234897553,2.508598810810838,1.9856160000000784,6.9796930000002,92.81815600000101,8.869207999999874,9.070920056604056,3.9914070000005495,0.3299145299145299,59,6.0778153307214,3.260222829268283,1.9970889999999137,11.972094000000425,133.6691359999996,7.882988999999908,7.601620724138213,3.976285999999922,0.5008547008547009,64,6.592884426545247,5.570712000000067,2.0002219999998374,24.95192200000092,228.39919200000276,3.8945360000000466,5.557974587301795,3.987360999999737,0.3299145299145299,64,6.592884426545247,3.2149192250001226,2.000794499999529,12.962006000000315,128.5967690000049,0.0,7.077176095238234,4.981416000000081,1.0056167872785633,0.8477286418694597,0.5619750889226657,0.4505715642841508,0.2654438126248746,4.091286194941962,0.6760048542620944,1.1265764185462452,3.049129292793376e-05,0.009204443055948447,0.8641765704584041,31,3.1703806053335737,18.335831000000496,7.511698500000506,122.69364600000327,476.7316060000129,0.0,3.6649581000002796,2.9591870000008385,0.8964346349745331,21,2.1476771842582276,36.1174620000011,22.892916500000297,128.68190200000305,505.64446800001537,0.0,4.051794050000297,3.039838500000684,0.9219015280135824,15,1.5340551316130195,40.4900319230782,15.897223000002555,190.43608100000225,526.3704150000166,0.0,4.307852428571773,3.039838500000684,0.05263157894736842,15,1.5340551316130195,2.0159058750003815,1.5752209999996865,3.979187000003037,16.127247000003052,10.974106999999792,39.252528285715584,13.876474500001592,-1.1664421314935136,-1.0361248112973591,-1.1453376982452736,-0.4730712099238177,-0.39399059229422684,-14.93757549632219,-0.7484050587885271,-1.2214762687123448,-0.0020567764612323706,-0.19674137553096102,0.6128945191763528,-23,-2.392365629563979,15.827232189189658,5.5260825000004274,115.71395300000307,383.9134500000119,-8.869207999999874,-5.405961956603776,-1.032219999999711,0.5665201050600033,-38,-3.930138146463172,32.85723917073281,20.895827500000383,116.70980800000262,371.9753320000158,-7.882988999999908,-3.5498266741379156,-0.9364474999992378,0.42104682715888153,-49,-5.058829294932227,34.919319923078135,13.897001000002717,165.48415900000134,297.9712230000138,-3.8945360000000466,-1.2501221587300222,-0.947522499999053,-0.2772829509671615,-49,-5.058829294932227,-1.199013349999741,-0.4255734999998424,-8.982818999997278,-112.46952200000186,10.974106999999792,32.17535219047735,8.895058500001511
S15,1,1.1512094725239579,1.0854060237916299,0.3665003968935043,0.41954865710577316,0.4021368659085505,3.4976792881040266,0.9008092923332935,1.3203579494390667,0.0006991599322690372,0.3287617099948854,0.2508361204013378,71,7.146683926076037,2.1248826756757366,1.9861300000000313,4.994098999999949,78.62065900000226,1.9914120000000217,7.34800760000006,5.484336000001036,0.3311036789297659,79,7.951944086760661,2.3721042799999883,1.9950360000000202,5.990661000002149,118.6052139999994,1.9914120000000217,6.0959490256411115,3.9980569999999886,0.5,89,8.95851928761644,3.492539533333352,2.991202999999757,12.970165000000534,209.55237200000113,1.9914120000000217,4.36973711363642,3.0035849999996245,0.3311036789297659,86,8.656546727359707,2.282292551020461,1.9968079999999873,6.979785999998967,111.83233500000259,0.0,5.638200635294158,3.010082999999895,1.2870707356525835,1.2126640587006516,0.43715583352366555,0.4536495759347319,0.2845699557589941,3.9154986226207074,1.0043169756030368,1.4579665515377687,-0.0003094146121414875,-0.12235844025616845,0.13,51,5.119505477988834,1.4058776315789454,1.0000560000001997,4.011778000000248,26.711674999999964,0.0,11.2002028799999,9.923528999999753,0.19,73,7.327919605748723,1.4018970689655377,0.9998029999999858,4.011778000000248,40.655015000000596,0.0,7.681625291666598,6.48745549999947,0.365,99,9.9378635749195,1.958303901639393,1.976479000000836,6.018985000000271,119.45653800000298,0.0,4.849458714285648,3.9918965000002515,0.455,100,10.038246035272222,2.6147471818181116,1.994495999999799,11.992374999999608,172.57331399999538,4.93265700000015,4.153711292929296,3.008204000000717,0.13586126312862556,0.12725803490902177,0.07065543663016127,0.034100918828958715,-0.11756691014955645,0.41781933451668074,0.10350768326974324,0.13760860209870196,-0.0010085745444105248,-0.45112015025105384,-0.12083612040133779,-20,-2.027178448087203,-0.7190050440967912,-0.9860739999998316,-0.9823209999997005,-51.9089840000023,-1.9914120000000217,3.8521952799998394,4.439192999998717,-0.14110367892976589,-6,-0.6240244810119382,-0.9702072110344506,-0.9952330000000345,-1.9788830000019004,-77.9501989999988,-1.9914120000000217,1.5856762660254864,2.4893984999994814,-0.135,10,0.9793442873030607,-1.534235631693959,-1.014723999998921,-6.951180000000264,-90.09583399999815,-1.9914120000000217,0.47972160064922775,0.9883115000006271,0.12389632107023413,14,1.3816993079125144,0.3324546307976508,-0.0023120000001881635,5.0125890000006414,60.74097899999279,4.93265700000015,-1.4844893423648617,-0.001878999999178177
S16,2,1.059134941135425,0.4661443023344204,2.862828974179632,0.4975322662595677,0.0812820764049824,45.41760700283565,0.3552950902535823,0.85282735651315,0.0018202482715860408,0.10714870820061809,0.2512820512820513,50,5.1479333198698605,3.336899793103476,1.9930069999999773,22.935271000000213,96.77009400000081,0.0,7.372423081632719,4.002403000000754,0.3299145299145299,50,5.1479333198698605,4.076627942857218,2.0100389999999777,22.935271000000213,142.68197800000263,0.0,6.435445857142884,3.0000040000001036,0.5008547008547009,48,4.942015987075066,6.268943128205206,1.996315999999581,41.91619000000236,244.48878200000303,0.0,4.734217191489392,2.9987260000002465,0.3299145299145299,28,2.882842659127122,7.484617999999861,1.985516999999966,112.7630469999977,164.66159599999693,41.90615800000009,13.932976925926145,7.975647999999694,2.5175941241397495,2.4302847692876703,0.777795537015308,0.9131151569262435,0.5440043433478815,8.517652013926847,2.002124798359696,2.9152399552859394,-0.0030048777366130145,-0.6541366599919956,0.0,0,0.0,,,,0.0,,,,0.0,0,0.0,,,,0.0,,,,0.0,0,0.0,,,,0.0,,,,0.9982993197278912,2,0.20493569729210565,291.7782739999989,291.7782739999989,413.90539199999876,583.5565479999977,0.0,1.9929759999996008,1.9929759999996008,1.4584591830043245,1.9641404669532498,-2.085033437164324,0.41558289066667575,0.4627222669428991,-36.8999549889088,1.6468297081061136,2.0624125987727893,-0.004825126008199055,-0.7612853681926136,-0.2512820512820513,-50,-5.1479333198698605,,,,-96.77009400000081,,,,-0.3299145299145299,-50,-5.1479333198698605,,,,-142.68197800000263,,,,-0.5008547008547009,-48,-4.942015987075066,,,,-244.48878200000303,,,,0.6683847898133612,-26,-2.677906961835016,284.29365599999903,289.7927569999989,301.14234500000106,418.8949520000008,-41.90615800000009,-11.940000925926544,-5.982672000000093
S17,1,2.09822540306205,1.341108279235042,2.6241680125087576,1.159942809198208,0.3000710923040228,27.23945981010052,0.9506820102681641,2.110624819466372,-0.0038576226731318127,-0.24684932336850107,0.2504288164665523,66,6.819669628682139,2.493519218750043,1.9877374999997528,6.984899999999129,79.79261500000138,27.921506999999394,7.276294892307825,4.00596700000014,0.33104631217838765,76,7.852952905755191,2.7115912790698236,1.016268000000025,10.966255999999646,116.59842500000241,27.921506999999394,5.815378106666767,4.002505000000497,0.5008576329331046,76,7.852952905755191,4.585675829787296,2.9970110000001284,21.95408600000229,215.5267640000029,27.921506999999394,4.49633358666676,3.013469999998165,0.33104631217838765,64,6.613012973267529,2.735939978723459,1.9754659999999546,15.96657199999956,128.58917900000256,0.0,7.128394349206453,3.9971630000000005,2.9340406945790978,1.9801577123060048,3.0886989217134686,2.109012459301997,0.339408054115759,34.862618314597185,1.2014781557102332,3.31049061501223,-0.010021142511367197,-0.5522247553385149,0.13705583756345177,30,3.0581327435966092,2.990124941176567,1.9929890000012165,9.984123999999781,50.83212400000164,230.30485900000517,10.567463206896738,4.005461000000025,0.19289340101522842,38,3.873634808555705,3.2986097391305025,2.008697000000325,11.978827999999169,75.86802400000155,127.60643400000349,10.408648783783978,3.9830359999994016,0.3079526226734349,42,4.281385841035253,5.592119240000135,4.0009249999988015,18.96815100000117,139.80298100000337,105.67508100000236,8.368692707317232,4.986921000000052,0.5702199661590525,51,5.198825664114236,6.792821238095405,2.002398499999771,78.74655000000145,285.298492000007,0.0,5.866112240000085,3.491067500000092,0.8358152915170476,0.6390494330709628,0.46453090920471096,0.9490696501037892,0.03933696181173618,7.623158504496665,0.2507961454420691,1.199865795545858,-0.006163519838235385,-0.3053754319700138,-0.11337297890310052,-36,-3.76153688508553,0.4966057224265241,0.0052515000014636826,2.999224000000652,-28.960490999999735,202.38335200000577,3.291168314588913,-0.0005060000001151366,-0.13815291116315923,-38,-3.979318097199486,0.5870184600606789,0.9924290000002998,1.0125719999995226,-40.73040100000085,99.6849270000041,4.593270677117211,-0.019469000001095083,-0.19290501025966972,-34,-3.571567064719938,1.0064434102128388,1.003913999998673,-2.9859350000011204,-75.72378299999954,77.75357400000297,3.8723591206504713,1.9734510000018872,0.2391736539806648,-13,-1.4141873091532933,4.056881259371946,0.026932499999816173,62.77997800000189,156.70931300000444,0.0,-1.2622821092063683,-0.5060954999999083
S18,1,2.991882172504836,1.129209357961273,11.492930901077775,0.7403499978640551,0.2829194453438757,148.28482997814314,0.8748928936577156,1.6152428915217707,-0.0002188431996321509,-0.0032635778686929033,0.2504201680672269,47,4.757981138795916,3.3904409333332177,1.9915514999997015,19.970024000000933,101.71322799999653,86.78855400000103,8.526222043478192,5.973513500000195,0.3310924369747899,54,5.466616627552754,4.076441171428381,1.9889189999998962,40.928999000000715,142.67544099999333,75.82120600000079,6.853206226415085,4.981228999999587,0.5008403361344538,50,5.061682062548846,6.686810702702652,3.9809010000002303,58.89515800000214,247.4119959999981,38.89331699999958,6.04902971428561,3.986909999999682,0.3310924369747899,43,4.353046573792008,5.487021392857017,2.4985139999997728,30.90901299999944,153.63659899999647,0.0,10.453613166666578,4.492589999999893,9.156599244002349,2.0581981561657643,41.811912751096095,2.6560468379592836,0.102755484700352,795.0714248020477,1.406050179963684,4.062097017922968,-0.01012397453557026,-0.04092132539511136,0.11243611584327087,10,1.0266548920985998,18.610097666666206,6.977251999999368,47.8562809999994,55.83029299999862,55.81310799999952,32.57439033333336,23.942790000000514,0.11925042589437819,11,1.12932038130846,11.760983999999791,0.9967599999998527,47.8562809999994,58.80491999999896,55.81310799999952,29.019488599999995,20.95847800000024,0.16524701873935263,22,2.25864076261692,6.794969999999903,0.9984850000000023,50.839765999999145,74.74466999999893,23.939877999999368,15.575775476190419,8.973369000000076,0.7495741056218058,40,4.106619568394399,11.735735999999921,2.502660499999891,146.6702560000021,399.0150239999973,0.0,4.754032384615402,2.9851000000000596,6.164717071497513,0.9289887982044913,30.318981850018318,1.9156968400952286,-0.1801639606435237,646.7865948239046,0.5311572863059684,2.446854126401197,-0.009905131335938108,-0.037657747526418456,-0.13798405222395602,-37,-3.731326246697316,15.21965673333299,4.985700499999666,27.886256999998466,-45.882934999997914,-30.97544600000151,24.04816828985517,17.96927650000032,-0.21184201108041173,-43,-4.337296246244294,7.68454282857141,-0.9921590000000435,6.927281999998684,-83.87052099999437,-20.00809800000127,22.16628237358491,15.977249000000654,-0.3355933173951011,-28,-2.8030412999319263,0.10815929729725138,-2.982416000000228,-8.055392000002996,-172.66732599999918,-14.953439000000209,9.52674576190481,4.986459000000394,0.4184816686470159,-3,-0.2464270053976083,6.2487146071429045,0.004146500000118181,115.76124300000265,245.37842500000085,0.0,-5.699580782051176,-1.5074899999998337
S19,2,1.1545934463283043,0.2136646019144784,4.057373866149789,1.0025970515314437,0.0521368674129566,62.45609940040094,0.12737662283453133,1.129973674365975,-0.005053649617814064,-0.2077647906136214,0.2504317789291883,42,4.368522754906884,3.9554648461538786,1.9969420000001605,14.97047600000002,102.84208600000085,273.45749700000243,4.891572121951329,3.9817289999998593,0.3298791018998273,39,4.056485415270679,5.231522448275902,3.990645999999799,26.9530040000011,151.71415100000115,253.48709700000134,4.517178736842245,3.9815245000000914,0.5008635578583766,19,1.976236484362638,14.236304631579296,14.95724000000041,48.90895900000123,270.4897880000066,249.49713800000146,3.1592841111110963,2.9885575000003257,0.3298791018998273,26,2.7043236101804524,7.860387428571398,3.1186459999998988,43.90518399999945,165.06813599999936,2.972020000000004,5.1344346800000356,2.905701000000022,1.3651677435605636,0.4129573268667295,4.802589154224593,0.7207359748321494,0.0606795411952023,53.30625517829535,0.19348399046647252,0.9142199652986218,-0.003478639995961603,-0.12021658843050369,0.125,21,2.195469072474182,3.632387214285767,2.5015294999998474,10.966319000000738,50.853421000000736,141.6734010000014,19.06912120000041,4.486290000000395,0.15104166666666666,22,2.3000152187824763,4.630353571428524,2.99691849999968,27.95343600000183,64.82494999999935,141.6734010000014,17.495756904762363,4.986034999999163,0.2881944444444444,24,2.509107511399065,8.340419764705672,4.985841999999849,42.9198950000021,141.78713599999642,139.67467400000132,12.715105913044026,4.012578000000985,0.2604166666666667,34,3.554568974482009,4.433676000000206,3.0016845000001453,16.975456000000747,115.27557600000537,0.0,12.26404245454574,3.9895329999999554,0.2105742972322593,0.1992927249522511,0.745215288074804,-0.2818610766992944,0.0085426737822457,-9.149844222105585,0.0661073676319412,-0.21575370906735314,0.001575009621852461,0.08754820218311772,-0.12543177892918828,-21,-2.1730536824327022,-0.32307763186811167,0.5045874999996869,-4.004156999999282,-51.98866500000011,-131.78409600000103,14.177549078049081,0.5045610000005354,-0.17883743523316062,-17,-1.7564701964882024,-0.6011688768473773,-0.9937275000001193,1.0004320000007283,-86.8892010000018,-111.81369599999994,12.978578167920118,1.0045104999990713,-0.21266911341393213,5,0.532871027036427,-5.895884866873624,-9.971398000000562,-5.989063999999132,-128.7026520000102,-109.82246400000014,9.555821801932929,1.0240205000006597,-0.06946243523316059,8,0.8502453643015566,-3.426711428571192,-0.11696149999975347,-26.929727999998704,-49.79255999999398,-2.972020000000004,7.129607774545704,1.0838319999999335
S20,2,0.9118952150685165,0.8181461725302641,0.4907082523860375,0.3026150936678863,0.3638304476088638,6.808454770433879,0.6919518216422464,0.9945669153101327,-5.926199671682353e-05,-0.020360445250424658,0.2512820512820513,82,8.439204178929401,1.547200047618966,1.0117479999999528,3.0220049999994103,64.98240199999657,0.976821000000001,6.3708342222221415,4.988058999999694,0.3299145299145299,89,9.159624047862398,1.8522146428570685,1.0151005000000595,6.993289999999888,103.72401999999583,0.976821000000001,5.435142261363559,4.001054500000123,0.5008547008547009,83,8.542121303062686,3.0825433676469887,1.9978290000001095,13.979900999999813,209.61294899999524,0.0,4.553419646341387,3.0500264999999445,0.3299145299145299,74,7.6158671858631175,2.3758507800000044,1.9898980000005295,6.991725000000599,118.79253900000022,7.97940299999987,6.167670657534144,4.987806000000774,1.061455315402099,1.0028523211060731,0.3751494618488143,0.416914366935371,0.3280710974419091,3.660846041408345,0.81702245067075,1.233936817606121,-0.0009202160534595848,-0.4178183741965028,0.12690355329949238,36,3.66709053988997,2.1619977222218996,1.9887719999996136,6.9928790000003005,38.91595899999419,122.75232600000137,12.210129485714091,8.990546999999253,0.1505922165820643,36,3.66709053988997,3.1113515294114054,2.9877830000000927,10.994816999999784,52.892975999993894,122.75232600000137,11.810786142856957,8.990546999999253,0.2521150592216582,56,5.704363062051065,3.0958730666664565,2.0004784999999288,14.973292999999046,92.8761919999937,3.988615000000017,8.948327454545364,5.9965780000007385,0.5956006768189509,79,8.047226462536324,4.32778468253969,3.00355600000114,26.954317000000486,272.65043500000047,0.0,3.992097384615246,2.993747499999728,0.14956010033358247,0.18470614857580903,-0.11555879053722318,0.11429927326748468,-0.035759350166954695,-3.1476087290255337,0.12507062902850352,0.2393699022959882,-0.0008609540567427612,-0.3974579289460781,-0.1243784979825589,-46,-4.772113639039431,0.6147976746029336,0.9770239999996608,3.97087400000089,-26.06644300000238,121.77550500000137,5.83929526349195,4.002487999999559,-0.17932231333246562,-53,-5.492533507972428,1.2591368865543369,1.9726825000000332,4.001526999999896,-50.83104400000194,121.77550500000137,6.375643881493398,4.98949249999913,-0.24873964163304263,-27,-2.8377582410116213,0.013329699019467789,0.002649499999819227,0.9933919999992327,-116.73675700000155,3.988615000000017,4.3949078082039765,2.946551500000794,0.265686146904421,5,0.4313592766732066,1.9519339025396856,1.0136580000006106,19.962591999999887,153.85789600000027,-7.97940299999987,-2.1755732729188977,-1.9940585000010458
S21,2,0.9287928790402155,0.47249944455348203,1.5420400869517297,0.6983991452534635,0.1781114254248757,23.97825967984007,0.358034320309202,1.0564334655626655,-0.0014539996392060315,-0.16082571862901432,0.25,44,4.475781781285828,3.345567903225831,1.9994020000001456,12.994087000000661,103.71260500000076,230.49270199999796,5.92187925581402,3.996789000000433,0.3310810810810811,52,5.28956028697416,3.9898428333334013,2.9866500000002816,16.970896000000607,143.63434200000245,218.52814799999922,4.444776960784313,2.994984999999474,0.5,27,2.7465024566981215,11.674914434782805,7.98818200000278,41.934375000000216,268.5230320000045,203.54154400000002,4.52986588461528,2.992966999999794,0.3310810810810811,34,3.458558649175412,5.771943464285763,3.987008499999874,18.949144000000913,161.61441700000137,0.0,11.191677454545593,2.994138000000085,1.5399958182760565,1.4741319101853954,0.5207735273311365,0.5777731797894592,0.5484093162187003,7.224908483484463,1.2015305605084574,1.7793037402979166,0.0005267617598525299,0.17244866542875956,0.0,0,0.0,,,,0.0,,,,0.0,0,0.0,,,,0.0,,,,0.0,0,0.0,,,,0.0,,,,0.9459459459459459,18,1.8315928272002662,30.04113122222257,21.4625624999986,78.86014399999311,540.7403620000063,0.0,2.8770789411765096,2.981962999999915,0.611202939235841,1.0016324656319133,-1.0212665596205932,-0.12062596546400428,0.3702978907938246,-16.753351196355606,0.8434962401992554,0.7228702747352511,0.0019807613990585615,0.3332743840577739,-0.25,-44,-4.475781781285828,,,,-103.71260500000076,,,,-0.3310810810810811,-52,-5.28956028697416,,,,-143.63434200000245,,,,-0.5,-27,-2.7465024566981215,,,,-268.5230320000045,,,,0.6148648648648649,-16,-1.626965821975146,24.26918775793681,17.475553999998727,59.9109999999922,379.1259450000049,0.0,-8.314598513369083,-0.012175000000169689
S22,1,2.270844256524295,2.0976111672021243,0.9687974753940657,1.1865941614178586,0.5741652155070696,8.46947841352246,1.6112319774651378,2.7978261388829964,-0.0008512848920731847,-0.15034767709859528,0.25084175084175087,56,5.67902217379287,2.729046235294124,1.4972304999997448,16.95870099999979,92.78757200000021,12.948240999999756,8.834824309090743,4.996049999999514,0.32996632996632996,70,7.098777717241088,2.994564523809421,1.995153000000066,16.95870099999979,125.7717099999957,2.9764550000000405,6.708738913043408,4.993045999999822,0.5,85,8.619944370935606,3.7777764464285113,2.4933175000002947,22.94178499999947,211.55548099999663,0.9848160000000146,4.5132244404761215,3.9892754999999624,0.32996632996632996,75,7.605833268472594,2.2780448301887293,1.991125000000011,8.987868000000049,120.73637600000265,6.967961999999913,6.094129054053933,3.9945499999991796,2.089071732628774,1.993159186749856,0.9160930439447822,1.1714710335130143,0.3045257543498972,7.04532328642274,1.419007882993754,2.5904789165067683,-0.0011946017728977846,-0.22425124847222072,0.3232830820770519,59,5.953095950515374,3.0328754318183155,1.9936444999998457,34.83660999999654,133.44651900000588,37.89035799999971,7.298477482758946,5.457876500000793,0.39028475711892796,71,7.163895126891382,3.2951576734694923,1.99824799999962,34.83660999999654,161.46272600000512,1.9974420000000368,6.159834328571705,3.994679999998567,0.5527638190954773,74,7.466594920985385,4.480895385965042,2.990156000000127,43.82661299999597,255.4110370000074,0.9953670000000105,4.633454342465987,3.951953000000799,0.2830820770519263,69,6.9620952641620475,2.2166908888890777,1.9177040000014358,11.965181999999515,99.7510900000085,2.9897050000000434,6.573438617647345,4.978639000000214,-0.1817725238955208,-0.10445198045226833,-0.052704431449283495,-0.015123127904844269,-0.26963946115717236,-1.424155127099719,-0.19222409447138378,-0.20734722237622805,-0.00034331688082459987,-0.07390357137362544,0.07244133123530105,3,0.27407377672250455,0.3038291965241915,0.49641400000010094,17.877908999996748,40.65894700000567,24.942116999999953,-1.5363468263317976,0.4618265000012798,0.060318427152598,1,0.065117409650294,0.3005931496600711,0.0030949999995542044,17.877908999996748,35.69101600000943,-0.9790130000000037,-0.5489045844717033,-0.9983660000012549,0.05276381909547734,-11,-1.1533494499502215,0.7031189395365312,0.4968384999998321,20.884827999996503,43.85555600001078,0.01055099999999598,0.12022990198986516,-0.03732249999916348,-0.04688425291440368,-6,-0.6437380043105465,-0.06135394129965155,-0.0734209999985751,2.977313999999467,-20.985285999994147,-3.9782569999998696,0.4793095635934126,0.9840890000010347
S24,1,1.6998843905948076,1.401272255572516,1.2777504008004725,0.9113233878107949,0.3642833140675012,17.407097524350043,1.0528936669996614,1.9642170548104563,0.0014438972637051354,0.19104643469431581,0.2504258943781942,64,6.567889878858582,2.5891208749997956,1.0131619999999462,12.980073999996435,82.85186799999346,0.9874370000000141,7.886215539682712,4.993717999999689,0.33049403747870526,79,8.107239069216062,2.5006942391303797,1.4960719999998346,12.980073999996435,115.03193499999746,0.9874370000000141,5.9570706666667546,3.9780539999997906,0.5008517887563884,81,8.312485627930393,3.9433285555555475,2.4999310000004016,14.077191000001037,212.93974199999957,0.9874370000000141,4.596751600000049,3.463356000000438,0.33049403747870526,69,7.081006275644409,2.4533348627450824,1.3491120000000194,7.068707000000359,125.12007799999921,23.92617399999953,6.406123720588285,4.000289999999779,1.5866009838581394,1.2451322766742094,2.004555092643681,0.786622826947146,0.4257735189681649,32.150809383344466,0.9525141033265367,1.7391369302736828,-0.0014452490284787981,-0.12271831298866319,0.3333333333333333,80,8.15310297629807,2.0762696428571092,1.0157709999996882,11.994610999999736,116.27109999999811,0.0,5.980529177215042,4.988763000000745,0.45346869712351945,88,8.968413273927878,2.721725272727228,1.9846949999996326,11.994610999999736,179.63386799999705,0.0,4.7022877816090745,3.985308000000714,0.5939086294416244,83,8.458844337909248,3.775411746478786,2.0215030000000525,24.924244999997086,268.0542339999938,0.0,3.9107154999999114,2.9986305000003597,0.25042301184433163,62,6.318654806631005,1.9610221860464687,1.828784999999442,5.983095000001526,84.32395399999815,2.9778500000000285,8.187442196721147,5.975620000001413,-0.11328340673666815,-0.15613997889830644,0.7268046918432085,-0.12470056086364889,0.0614902049006637,14.743711858994423,-0.10037956367312462,-0.2250801245367735,-0.0028891462921839337,-0.313764747682979,0.08290743895513913,16,1.585213097439488,-0.5128512321426864,0.0026089999997420676,-0.9854629999966988,33.419232000004655,-0.9874370000000141,-1.9056863624676694,-0.0049549999989437765,0.12297465964481419,9,0.8611742047118156,0.2210310335968484,0.48862299999979797,-0.9854629999966988,64.60193299999959,-0.9874370000000141,-1.25478288505768,0.007254000000923355,0.09305684068523601,2,0.14635870997885547,-0.16791680907676154,-0.47842800000034913,10.84705399999605,55.11449199999424,-0.9874370000000141,-0.6860361000001376,-0.4647255000000783,-0.08007102563437363,-7,-0.7623514690134039,-0.49231267669861367,0.4796729999994227,-1.0856119999988323,-40.79612400000106,-20.948323999999502,1.7813184761328618,1.9753300000016338
S25,1,2.363715070693971,2.2602780527435096,0.7627248035126872,0.9339579152865449,0.3959551747072977,6.579418850861385,1.824740323604772,2.758698238891317,0.00010273633534783518,0.02287220562977973,0.25127334465195245,64,6.539180840494021,1.958782767442078,1.0088290000001194,6.994953000000194,84.22765900000935,30.963119999999563,7.492678365079765,5.00728599999934,0.3310696095076401,71,7.254403744923055,2.256371763636525,1.9804339999999456,8.996390000000204,124.10044700000887,23.968068999999332,6.273728571428942,4.990229500000339,0.5008488964346349,77,7.867451948719369,3.5096144516131598,2.008148999999875,16.976991999997836,217.5960960000159,16.01146599999945,4.652920447368667,3.998623500000406,0.3310696095076401,64,6.539180840494021,2.468800716981316,1.9923919999998816,12.979168000001437,130.84643800000975,0.0,7.037960428571806,4.993422000001146,2.567652516926513,2.4783543312315555,0.7965824120739746,0.982837461785111,0.3933010436101249,7.152999349865806,2.024524670090229,3.00736213187534,-0.0008897499926004483,-0.18839277544625035,0.15384615384615385,45,4.629325040362436,1.981907130434847,1.0283959999999581,6.989946000001851,45.58386400000148,0.9879789999999975,12.151955386364499,7.491857500000293,0.21196581196581196,58,5.966685607578251,2.2226924666666554,1.9810720000007507,8.987761999999293,66.68077399999966,0.9879789999999975,9.010335561404206,5.733103000002643,0.37435897435897436,75,7.7155417339373935,3.2784224318182824,2.018207000000217,11.962237999998251,144.25058700000443,0.9879789999999975,5.905303054054516,4.001462500000514,0.4461538461538462,73,7.50979395436573,3.471838277777911,2.0078260000004065,12.855935999998678,187.47926700000718,6.9769939999999036,5.246965625000495,3.9986860000001165,0.20393744623254184,0.2180762784880459,0.03385760856128739,0.04887954649856607,-0.002654131097172774,0.5735804990044207,0.19978434648545718,0.24866389298402325,-0.0009924863279482834,-0.2112649810760301,-0.09742719080579859,-19,-1.9098558001315853,0.0231243629927691,0.019566999999838686,-0.005006999998343531,-38.64379500000787,-29.975140999999567,4.659277021284733,2.4845715000009534,-0.11910379754182812,-13,-1.287718137344804,-0.03367929696986938,0.0006380000008050501,-0.008628000000911129,-57.41967300000921,-22.980089999999336,2.7366069899752645,0.7428735000023039,-0.12648992207566057,-2,-0.1519102147819753,-0.23119201979487736,0.010058000000341849,-5.014753999999584,-73.34550900001148,-15.023486999999454,1.252382606685849,0.0028390000001081717,0.1150842366462061,9,0.9706131138717087,1.003037560796595,0.015434000000524861,-0.12323200000275847,56.63282899999743,6.9769939999999036,-1.7909948035713104,-0.9947360000010299
S27,2,2.3065727167418983,1.8747564125646725,2.7796843306769388,0.7718224666962432,0.7779876601011088,43.80195599987554,1.5517761148107185,2.3235985815069617,1.602387040576518e-05,0.0009698356813850804,0.25,70,7.219117357194454,2.3000453636364737,1.9687400000005368,6.9881920000007085,75.90149700000363,3.9730029999999985,7.230702072463861,5.98361700000072,0.3304794520547945,86,8.869201324553186,2.321633652173999,1.9755034999996326,14.968650000001333,106.79514800000396,0.0,5.564657129411835,4.00167399999998,0.5,91,9.38485256435279,3.1344239218750314,1.9972124999997192,19.969819000001735,200.603131000002,0.0,4.235393822222312,3.0022100000002343,0.3304794520547945,84,8.662940828633346,2.315086829787226,1.9728710000000547,9.982016999999985,108.80908099999962,2.003444000000009,5.614234168674836,4.960461999999854,0.18692211950231472,0.13821272549651153,0.15838805372876139,0.07227767949072188,0.055803253139267,1.0452061389859266,0.10965751837806732,0.1819351978687892,-0.00041215037898502236,-0.4422101751671438,1.0,1,0.10209888419873164,587.6655799999954,587.6655799999954,587.6655799999954,587.6655799999954,0.0,,,1.0,1,0.10209888419873164,587.6655799999954,587.6655799999954,587.6655799999954,587.6655799999954,0.0,,,1.0,1,0.10209888419873164,587.6655799999954,587.6655799999954,587.6655799999954,587.6655799999954,0.0,,,0.0,0,0.0,,,,0.0,,,,-2.1196505972395836,-1.736543687068161,-2.6212962769481774,-0.6995447872055214,-0.7221844069618417,-42.75674986088961,-1.4421185964326513,-2.1416633836381727,-0.00042817424939078756,-0.44318001084852887,0.75,-69,-7.117018472995722,585.3655346363589,585.6968399999948,580.6773879999947,511.7640829999918,-3.9730029999999985,,,0.6695205479452055,-85,-8.767102440354455,585.3439463478214,585.6900764999958,572.6969299999942,480.87043199999147,0.0,,,0.5,-90,-9.282753680154059,584.5311560781204,585.6683674999957,567.6957609999937,387.0624489999934,0.0,,,-0.3304794520547945,-84,-8.662940828633346,,,,-108.80908099999962,,,
S28,2,1.7927016122193855,1.6656777690417985,0.9204592077770892,1.0573577310164788,0.38122270148987,10.075833239780223,1.1668046298368624,2.224162360853341,-0.0031344243339360618,-0.5788642478341105,0.25084745762711863,43,4.388882873265256,3.496340433333402,1.9993370000005655,17.958563000002812,104.89021300000206,193.56563199999965,6.890310999999958,4.981622500000185,0.3305084745762712,49,5.001285134651106,4.285633117647099,2.4869284999993226,31.94948799999736,145.71152600000136,193.56563199999965,5.178578104166644,2.991604999999822,0.5,42,4.286815829700948,12.02608228571449,6.98260500000066,88.83762700000528,252.54772800000427,5.9782919999999145,8.032265536585262,4.987383999999395,0.3305084745762712,49,5.001285134651106,3.836183973684173,1.9949525000001813,41.914712000000776,145.77499099999858,0.981406999999999,8.02499777083347,2.9977200000000437,1.722167557347678,1.4718401836176178,1.0701308079748535,0.7500897587529245,0.5616417308027488,9.772521089908096,1.1625919213889047,1.9126816801418292,-0.0022788053725004338,-0.36263655215757057,0.2571912013536379,54,5.5015060508654035,2.878944647058877,1.9924800000000005,14.981681000000208,97.88411800000182,46.915470999999734,8.37981235849051,4.989547999999786,0.36548223350253806,59,6.0109047592788665,3.7326159285715,2.0011735000000783,24.954495000000975,156.769869000003,0.0,7.451030603448199,4.985754999999699,0.6091370558375635,65,6.622183209375023,6.542824066666703,2.9954249999997273,34.928723000002265,294.42708300000163,0.0,4.601602515624952,3.9868565000004423,0.21996615905245348,48,4.890227600769247,2.4095179117646817,1.9912094999999042,9.978540000000116,81.92360899999917,1.006882000000017,10.129167191489403,5.980146000000161,-0.0705340548717075,-0.19383758542418073,0.14967160019776427,-0.3072679722635543,0.18041902931287884,-0.3033121498721272,-0.004212708447957736,-0.311480680711512,0.000855618961435628,0.21622769567653993,0.0063437437265192465,11,1.1126231776001472,-0.6173957862745252,-0.0068570000005649945,-2.976882000002604,-7.0060950000002435,-146.6501609999999,1.4895013584905517,0.007925499999601016,0.03497375892626686,10,1.009619624627761,-0.5530171890755988,-0.4857549999992443,-6.994992999996384,11.058343000001656,-193.56563199999965,2.272452499281555,1.9941499999998769,0.1091370558375635,23,2.335367379674075,-5.483258219047786,-3.987180000000933,-53.90890400000302,41.87935499999736,-5.9782919999999145,-3.43066302096031,-1.0005274999989524,-0.11054231552381771,-1,-0.11105753388185846,-1.4266660619194913,-0.0037430000002771635,-31.93617200000066,-63.851381999999404,0.0254750000000179,2.104169420655932,2.9824260000001175
S29,2,2.255573325571035,1.7670388593414628,3.8703279898057916,1.3632581251262064,0.2612121782820962,63.01989586704058,1.114543644835357,2.4778017699615633,-0.004150486182677221,-0.18138367129610214,0.2504258943781942,22,2.256360932745864,11.363035454546482,1.128760000000085,75.85170800000719,124.9933900000113,5.00874999999999,21.381093142857964,10.957568999999655,0.33049403747870526,38,3.897350702015583,7.423124000000572,1.9856470000001138,122.7615510000112,155.885604000012,5.00874999999999,11.30029032432477,6.968799000000136,0.5008517887563884,56,5.7434641924440175,6.793623742857445,2.011238999999904,122.7615510000112,237.7768310000106,2.9986600000000045,6.149629181818507,5.967788000000354,0.33049403747870526,54,5.538340471285302,3.16887752272748,2.98097849999958,11.834185000000161,139.43061100000912,0.0,8.407210886792795,4.824353000000144,1.2424724265715177,1.0281705517569755,0.984668381003048,1.301189911622359,0.221061380572971,8.594160882668145,0.45062628682634137,1.7518161984487004,-0.002866245185100431,-0.49639916273285895,0.5118243243243243,19,1.9332518578469249,35.4265887500021,2.4897044999995472,160.68048700000708,283.4127100000168,36.87667299999946,14.966146666666711,11.980520999999833,0.6081081081081081,34,3.459503324568181,16.266841550000755,2.493694499999826,267.47888600001824,325.3368310000151,15.948263999999472,7.527119030303104,5.987566999999643,0.7584459459459459,48,4.884004693508021,11.432087142857606,1.9978930000000332,268.4671380000184,400.1230500000162,0.9843280000000121,4.01218393617023,2.9932760000001295,0.13682432432432431,35,3.561253422349598,1.997180086956503,1.009134999999958,4.9906039999994505,45.93514199999957,0.0,15.611065411765276,5.482871000000529,-1.0131008989995174,-0.7388683075844873,-2.8856596088027437,-0.06206821350384728,-0.04015079770912519,-54.42573498437244,-0.6639173580090156,-0.7259855715128629,0.0012842409975767897,-0.3150154914367568,0.26139842994613016,-3,-0.32310907489893914,24.063553295455613,1.3609444999994622,84.82877899999988,158.41932000000548,31.867922999999465,-6.414946476191252,1.0229520000001777,0.27761407062940285,-4,-0.4378473774474019,8.843717550000184,0.5080474999997122,144.71733500000704,169.4512270000031,10.939513999999482,-3.773171294021666,-0.9812320000004924,0.2575941571895576,-8,-0.8594594989359967,4.638463400000161,-0.013345999999870628,145.7055870000072,162.3462190000056,-2.0143319999999925,-2.1374452456482773,-2.9745120000002245,-0.19366971315438095,-19,-1.977087048935704,-1.171697435770977,-1.971843499999622,-6.843581000000711,-93.49546900000955,0.0,7.203854524972481,0.6585180000003845
S30,1,2.335684213268395,2.2494598917717363,1.212868961691177,1.168152741626702,0.2932834559325097,19.41435828796889,1.5882591852428205,2.7564119268695224,-0.0005867673723191319,-0.08351169718622281,0.25041736227045075,51,5.128285571900065,2.535087282051526,1.993888000000993,11.91607800000213,98.86840400000952,0.0,9.896797040000544,6.481033999998104,0.330550918196995,59,5.932722524354977,3.2309974651165994,2.9798920000012004,14.909481000003098,138.93289100001377,0.0,7.892374982759003,4.979169500000168,0.5008347245409015,83,8.346033381719714,4.142728134615745,3.419521500000293,14.909481000003098,215.42186300001873,0.0,4.649619231707527,3.5227544999995786,0.330550918196995,71,7.139377953037346,2.6912745744682445,1.9987410000002797,8.010603000002959,126.4899050000075,10.760262000000404,6.306669942857568,3.5772740000004006,1.9642089542903216,1.7876206312989635,1.0421872542367268,0.9311494196358339,0.2671133235157917,11.916602227027491,1.3755070539328538,2.3066564735686876,-0.0021666809391649943,-0.3535827265469747,0.37457627118644066,69,7.039113316016195,3.7940546000004303,2.002015499999942,16.974466000001257,151.7621840000172,39.9240259999997,5.83023600000052,3.997800500001347,0.5254237288135594,76,7.753226261119287,4.098416526316241,1.9994679999997516,28.96066499999631,233.60974200002573,20.959401999999287,4.447641520000363,3.001928000001044,0.7271186440677966,56,5.712903560824738,7.761517729167584,4.492597999999944,30.97014000001019,372.55285100004403,5.982907999999874,3.8110272545456074,2.9952930000015954,0.16610169491525423,44,4.488709940648008,1.7952353666667489,1.4887385000005224,6.99473900000028,53.85706100000247,0.0,12.076838906977946,4.991586999999669,-0.37147525897807343,-0.4618392604727728,-0.17068170745445022,-0.23700332199086804,-0.026170132416718006,-7.4977560609414,-0.21275213130996673,-0.4497554533008348,-0.0015799135668458624,-0.2700710293607519,0.12415890891598991,18,1.9108277441161299,1.2589673179489043,0.008127499998948906,5.058387999999127,52.893780000007695,39.9240259999997,-4.066561040000025,-2.483233499996757,0.19487281061656436,17,1.8205037367643095,0.8674190611996413,-0.9804240000014488,14.051183999993214,94.67685100001196,20.959401999999287,-3.4447334627586406,-1.9772414999991241,0.22628391952689508,-27,-2.6331298208949763,3.6187895945518385,1.073076499999651,16.060659000007092,157.1309880000253,5.982907999999874,-0.8385919771619199,-0.5274614999979832,-0.16444922328174078,-27,-2.650668012389337,-0.8960392078014956,-0.5100024999997572,-1.0158640000026793,-72.63284400000504,-10.760262000000404,5.770168964120377,1.414312999999268
S31,1,0.5432248701547293,0.1951102319675788,0.6228090051037932,0.8269561330460627,0.0338320987792068,3.94032549018353,0.06219674755183005,0.8891528805978928,-0.002256944428847026,-0.6174869698030692,0.25042301184433163,41,4.1747963684090985,3.560263966667113,1.9983615000003283,12.981449000002556,106.80791900001338,249.67457099999046,5.744343700002409,3.9950214999992113,0.3299492385786802,37,3.76749916173504,5.261817466667427,2.9917505000010465,17.978156000000354,157.85452400002282,249.67457099999046,4.992319138891307,3.4768970000004344,0.5008460236886633,14,1.4255402233592043,21.680541461542607,9.151810000005867,87.89126200001527,281.8470390000539,243.67414299999137,4.748569384619622,3.0023740000007137,0.3299492385786802,35,3.5638505583980105,5.153578129032894,2.151708000001179,31.960487000000732,159.76092200001972,0.0,5.851102500001173,2.9874449999999513,0.824726140858682,0.542634664395464,0.8684140760170623,1.0581930621682434,0.0442964336911236,8.572253770724224,0.1896166634528395,1.247809725621083,-0.0020789038011662423,-0.40724744701336196,0.003389830508474576,1,0.10198811570222538,0.9970070000002238,0.9970070000002238,0.9970070000002238,0.9970070000002238,494.41553400002397,,,0.005084745762711864,2,0.20397623140445076,0.9970070000002238,0.9970070000002238,0.9970070000002238,0.9970070000002238,494.41553400002397,30.971700000010173,30.971700000010173,0.2593220338983051,41,4.181512743791241,3.855700758621242,2.9801160000002938,13.97629500000113,111.81532200001601,260.6942599999986,4.845565475000706,4.00148550000057,0.45084745762711864,21,2.141750429746733,14.394812058823497,5.988212999999746,60.92614899999981,244.71180499999946,0.0,16.480405050002165,2.99306799999988,0.2815012707039527,0.3475244324278852,0.2456050709132691,0.23123692912218063,0.010464334911916798,4.631928280540694,0.12741991590100946,0.3586568450231902,0.00017804062768078362,0.2102395227897072,-0.24703318133585705,-40,-4.072808252706873,-2.563256966666889,-1.0013545000001045,-11.984442000002332,-105.81091200001316,244.7409630000335,,,-0.32486449281596835,-35,-3.5635229303305893,-4.264810466667203,-1.9947435000008227,-16.98114900000013,-156.8575170000226,244.7409630000335,25.979380861118866,27.49480300000974,-0.24152398979035816,27,2.7559725204320364,-17.824840702921364,-6.171694000005573,-73.91496700001414,-170.03171700003787,17.020117000007247,0.09699609038108381,0.9991114999998558,0.12089821904843845,-14,-1.4221001286512776,9.241233929790603,3.836504999998567,28.965661999999078,84.95088299997974,0.0,10.629302550000993,0.005622999999928879
S32,1,2.5016588283063874,1.4384730340029217,6.1372158732062845,0.7168805803360807,0.2113062499870268,92.63153377524796,1.1382213910924461,1.8551019714285268,0.000574285839673959,0.015941962297271173,0.25042301184433163,66,6.72097327350776,2.1541587368422523,1.986643499999829,6.988778999999454,81.8580320000056,2.952946000000047,7.513497076923866,6.122757000006686,0.3299492385786802,73,7.433803772213129,2.6530778260871632,1.986643499999829,12.960908000000018,122.04158000000952,2.952946000000047,6.224913361111769,4.9695900000001885,0.5008460236886633,81,8.248467199304978,3.5259361475412336,2.049068000000318,18.975694000000544,215.08210500001525,2.952946000000047,4.639566600000473,3.5355964999994782,0.3299492385786802,70,7.128304987053685,2.8419905909093583,2.0081895000000856,11.983236000002535,125.04758600001176,0.0,6.697323840580322,4.987697000000082,5.648926056866225,1.5349719825261166,10.873192623515688,1.5436711954670075,0.4425942915729227,115.2916173352455,1.1426624787102295,2.686333674177237,-0.020096887992624046,-0.3117048938846138,0.24102564102564103,59,6.071578903648173,2.4087724411767,1.9985509999998499,10.988373000002866,81.8982630000078,0.9936040000000155,8.554403103449026,4.005811500000732,0.3128205128205128,64,6.586119488703102,3.1265012368424996,1.9993549999998663,18.972712000004606,118.80704700001499,0.9936040000000155,7.289628507937085,3.01768400000077,0.4564102564102564,59,6.071578903648173,5.467600842106049,2.997476500001227,22.963685000005682,207.76883200002985,0.9936040000000155,6.4531370862072865,3.503085000000368,0.4376068376068376,59,6.071578903648173,5.186535631579104,1.9986044999998853,48.93168500000182,197.08835400000595,0.0,6.61984851724217,3.5104230000002588,3.1472672285598375,0.09649894852319485,4.735976750309404,0.8267906151309268,0.2312880415858959,22.660083559997545,0.00444108761778339,0.8312317027487102,-0.020671173832298006,-0.327646856181885,-0.009397370818690604,-7,-0.6493943698595874,0.25461370433444763,0.011907500000020832,3.9995940000034125,0.04023100000220836,-1.9593420000000314,1.0409060265251604,-2.1169455000059543,-0.017128725758167374,-9,-0.8476842835100271,0.47342341075533634,0.01271150000003729,6.011804000004588,-3.234532999994528,-1.9593420000000314,1.064715146825316,-1.9519059999994184,-0.04443576727840687,-22,-2.1768882956568048,1.9416646945648153,0.9484085000009088,3.987991000005138,-7.313272999985401,-1.9593420000000314,1.8135704862068138,-0.03251149999911007,0.10765759902815741,-11,-1.056726083405512,2.3445450406697455,-0.009585000000200239,36.948448999999286,72.04076799999419,0.0,-0.07747532333815155,-1.4772739999998237
